Workbook

Sheet AND
D1: Acrónimo | E1: AFI | F1: IAS | G1: ICM | H1: IPI | I1: PER | J1: GAS | K1: HIP | L1: IPC | M1: AFIE | N1: PIB | O1: PIB_CCAA
D2: SA | E2: 0 | F2: 0 | G2: 0 | H2: 0 | I2: 0 | J2: 0 | K2: 0 | L2: 0 | M2: 0 | N2: 0 | O2: 0
D3: DEF | E3: 1 | F3: 1 | G3: 1 | H3: 1 | I3: 1 | J3: 1 | K3: 1 | L3: 1 | M3: 1 | N3: 1 | O3: 1
D4: Serie | E4: afiliados | F4: creditos | G4: depositos | H4: consumo productos petro | I4: hipotecas | J4: indice actividad serviciios | K4: indice comercio al por menor | L4: indice comercio al por menor | M4: indice comercio al por menor | N4: PIB ESPAÑA | O4: PIB ccaa
D5: Enlaces y Deflactores
D6: Fecha INI MOD | E6: 34700 | F6: 34700 | G6: 34700 | H6: 34731 | I6: 34759 | J6: 34790 | K6: 34820 | L6: 34851 | M6: 34881 | N6: 34973 | O6: 35004
D7: Cod | E7: SC | F7: 190000m | G7: 229000cc.d | H7: 229000cc.d | I7: 229000cc.d | J7: 229000cc.d | K7: 229000cc.d | L7: 229000cc.d | M7: 229000cc.d | N7: 229000cc.d | O7: 229000cc.d
D8: Año | E8: 1995 | F8: 2005 | G8: 2001 | H8: 1995 | I8: 1995 | J8: 1997 | K8: 1995 | L8: 1995 | M8: 1995 | N8: 1995 | O8: 2000
D9: Freq | E9: 12 | F9: 12 | G9: 12 | H9: 12 | I9: 12 | J9: 12 | K9: 12 | L9: 12 | M9: 12 | N9: 4 | O9: 1
D10: Mes INI | E10: 8 | F10: 1 | G10: 1 | H10: 1 | I10: 1 | J10: 1 | K10: 1 | L10: 1 | M10: 1 | N10: 1 | O10: 0
D11: type | E11: 6 | F11: 6 | G11: 6 | H11: 6 | I11: 6 | J11: 6 | K11: 6 | L11: 6 | M11: 6 | N11: 2 | O11: 1
D12: dlg | E12: 1 | F12: 1 | G12: 1 | H12: 1 | I12: 1 | J12: 1 | K12: 1 | L12: 1 | M12: 1 | N12: 1 | O12: 1
D13: selector | E13: 1 | F13: 1 | G13: 1 | H13: 1 | I13: 1 | J13: 1 | K13: 1 | L13: 1 | M13: 1 | N13: 1 | O13: 1
A14: Posición de outlier---> | D14: outliers | E14: 0 | F14: 0 | G14: 0 | H14: 0 | I14: 0 | J14: 0 | K14: 0 | L14: 0 | M14: 0 | N14: 0 | O14: 0
A15: =VALUE("1/"&C15&"/"&B15) -> 34700 | B15: =LEFT(D15,4) -> 1995 | C15: 1 | D15: 199501 | E15: =+IF([3]AND!B2="","",[3]AND!B2) -> 1859111.6 | F15: =+IF([3]AND!C2="","",[3]AND!C2) | G15: =+IF([3]AND!D2="","",[3]AND!D2) | H15: =+IF([3]AND!E2="","",[3]AND!E2) -> 122.24661 | I15: =+IF([3]AND!F2="","",[3]AND!F2) -> 1291490.8 | J15: =+IF([3]AND!G2="","",[3]AND!G2) | K15: =+IF([3]AND!H2="","",[3]AND!H2) -> 8540.5637 | L15: =+IF([3]AND!I2="","",[3]AND!I2) -> 59.083898 | M15: =+IF([3]AND!J2="","",[3]AND!J2) -> 1859111.6 | N15: =+'[1]Trim CM INICIAL_ECM'!J4 -> 67.016017 | O15: =+[2]anu!B2 -> 84.237632 | P15: 199501 | Q15: 2000
A16: =VALUE("1/"&C16&"/"&B16) -> 34731 | B16: =LEFT(D16,4) -> 1995 | C16: 2 | D16: 199502 | E16: =+IF([3]AND!B3="","",[3]AND!B3) -> 1884224.4 | F16: =+IF([3]AND!C3="","",[3]AND!C3) | G16: =+IF([3]AND!D3="","",[3]AND!D3) | H16: =+IF([3]AND!E3="","",[3]AND!E3) -> 108.07818 | I16: =+IF([3]AND!F3="","",[3]AND!F3) -> 1484572.9 | J16: =+IF([3]AND!G3="","",[3]AND!G3) | K16: =+IF([3]AND!H3="","",[3]AND!H3) -> 7140.6572 | L16: =+IF([3]AND!I3="","",[3]AND!I3) -> 59.556569 | M16: =+IF([3]AND!J3="","",[3]AND!J3) -> 1884224.4 | N16: =+'[1]Trim CM INICIAL_ECM'!J5 -> 67.457788 | O16: =+[2]anu!B3 -> 87.471178 | P16: 199502 | Q16: =+Q15+1 -> 2001
A17: =VALUE("1/"&C17&"/"&B17) -> 34759 | B17: =LEFT(D17,4) -> 1995 | C17: 3 | D17: 199503 | E17: =+IF([3]AND!B4="","",[3]AND!B4) -> 1905549.4 | F17: =+IF([3]AND!C4="","",[3]AND!C4) | G17: =+IF([3]AND!D4="","",[3]AND!D4) | H17: =+IF([3]AND!E4="","",[3]AND!E4) -> 117.19465 | I17: =+IF([3]AND!F4="","",[3]AND!F4) -> 2046164.6 | J17: =+IF([3]AND!G4="","",[3]AND!G4) | K17: =+IF([3]AND!H4="","",[3]AND!H4) -> 6976.8518 | L17: =+IF([3]AND!I4="","",[3]AND!I4) -> 59.973465 | M17: =+IF([3]AND!J4="","",[3]AND!J4) -> 1905549.4 | N17: =+'[1]Trim CM INICIAL_ECM'!J6 -> 67.756519 | O17: =+[2]anu!B4 -> 90.579301 | P17: 199503 | Q17: =+Q16+1 -> 2002
A18: =VALUE("1/"&C18&"/"&B18) -> 34790 | B18: =LEFT(D18,4) -> 1995 | C18: 4 | D18: 199504 | E18: =+IF([3]AND!B5="","",[3]AND!B5) -> 1902587.7 | F18: =+IF([3]AND!C5="","",[3]AND!C5) | G18: =+IF([3]AND!D5="","",[3]AND!D5) | H18: =+IF([3]AND!E5="","",[3]AND!E5) -> 100.38958 | I18: =+IF([3]AND!F5="","",[3]AND!F5) -> 2906228.8 | J18: =+IF([3]AND!G5="","",[3]AND!G5) | K18: =+IF([3]AND!H5="","",[3]AND!H5) -> 6275.0084 | L18: =+IF([3]AND!I5="","",[3]AND!I5) -> 60.213359 | M18: =+IF([3]AND!J5="","",[3]AND!J5) -> 1902587.7 | N18: =+'[1]Trim CM INICIAL_ECM'!J7 -> 68.269558 | O18: =+[2]anu!B5 -> 94.186666 | P18: 199504 | Q18: =+Q17+1 -> 2003
A19: =VALUE("1/"&C19&"/"&B19) -> 34820 | B19: =LEFT(D19,4) -> 1995 | C19: 5 | D19: 199505 | E19: =+IF([3]AND!B6="","",[3]AND!B6) -> 1925416.2 | F19: =+IF([3]AND!C6="","",[3]AND!C6) | G19: =+IF([3]AND!D6="","",[3]AND!D6) | H19: =+IF([3]AND!E6="","",[3]AND!E6) -> 114.55809 | I19: =+IF([3]AND!F6="","",[3]AND!F6) -> 2807682.3 | J19: =+IF([3]AND!G6="","",[3]AND!G6) | K19: =+IF([3]AND!H6="","",[3]AND!H6) -> 7039.8538 | L19: =+IF([3]AND!I6="","",[3]AND!I6) -> 60.092933 | M19: =+IF([3]AND!J6="","",[3]AND!J6) -> 1925416.2 | N19: =+'[1]Trim CM INICIAL_ECM'!J8 -> 68.661842 | O19: =+[2]anu!B6 -> 97.421534 | P19: 199601 | Q19: =+Q18+1 -> 2004
A20: =VALUE("1/"&C20&"/"&B20) -> 34851 | B20: =LEFT(D20,4) -> 1995 | C20: 6 | D20: 199506 | E20: =+IF([3]AND!B7="","",[3]AND!B7) -> 1943276.3 | F20: =+IF([3]AND!C7="","",[3]AND!C7) | G20: =+IF([3]AND!D7="","",[3]AND!D7) | H20: =+IF([3]AND!E7="","",[3]AND!E7) -> 119.06164 | I20: =+IF([3]AND!F7="","",[3]AND!F7) -> 2656808.9 | J20: =+IF([3]AND!G7="","",[3]AND!G7) | K20: =+IF([3]AND!H7="","",[3]AND!H7) -> 6558.5179 | L20: =+IF([3]AND!I7="","",[3]AND!I7) -> 60.153025 | M20: =+IF([3]AND!J7="","",[3]AND!J7) -> 1943276.3 | N20: =+'[1]Trim CM INICIAL_ECM'!J9 -> 69.136714 | O20: =+[2]anu!B7 -> 100.69843 | P20: 199602 | Q20: =+Q19+1 -> 2005
A21: =VALUE("1/"&C21&"/"&B21) -> 34881 | B21: =LEFT(D21,4) -> 1995 | C21: 7 | D21: 199507 | E21: =+IF([3]AND!B8="","",[3]AND!B8) -> 1947465.8 | F21: =+IF([3]AND!C8="","",[3]AND!C8) | G21: =+IF([3]AND!D8="","",[3]AND!D8) | H21: =+IF([3]AND!E8="","",[3]AND!E8) -> 109.06654 | I21: =+IF([3]AND!F8="","",[3]AND!F8) -> 3130417.4 | J21: =+IF([3]AND!G8="","",[3]AND!G8) | K21: =+IF([3]AND!H8="","",[3]AND!H8) -> 5506.3829 | L21: =+IF([3]AND!I8="","",[3]AND!I8) -> 60.092872 | M21: =+IF([3]AND!J8="","",[3]AND!J8) -> 1947465.8 | N21: =+'[1]Trim CM INICIAL_ECM'!J10 -> 69.703856 | O21: =+[2]anu!B8 -> 104.7389 | P21: 199603 | Q21: =+Q20+1 -> 2006
A22: =VALUE("1/"&C22&"/"&B22) -> 34912 | B22: =LEFT(D22,4) -> 1995 | C22: 8 | D22: 199508 | E22: =+IF([3]AND!B9="","",[3]AND!B9) -> 1948982.1 | F22: =+IF([3]AND!C9="","",[3]AND!C9) | G22: =+IF([3]AND!D9="","",[3]AND!D9) | H22: =+IF([3]AND!E9="","",[3]AND!E9) -> 78.752051 | I22: =+IF([3]AND!F9="","",[3]AND!F9) -> 3600674.9 | J22: =+IF([3]AND!G9="","",[3]AND!G9) | K22: =+IF([3]AND!H9="","",[3]AND!H9) -> 5314.8565 | L22: =+IF([3]AND!I9="","",[3]AND!I9) -> 60.273151 | M22: =+IF([3]AND!J9="","",[3]AND!J9) -> 1948982.1 | N22: =+'[1]Trim CM INICIAL_ECM'!J11 -> 70.050606 | O22: =+[2]anu!B9 -> 108.3741 | P22: 199604 | Q22: =+Q21+1 -> 2007
A23: =VALUE("1/"&C23&"/"&B23) -> 34943 | B23: =LEFT(D23,4) -> 1995 | C23: 9 | D23: 199509 | E23: =+IF([3]AND!B10="","",[3]AND!B10) -> 1935634.8 | F23: =+IF([3]AND!C10="","",[3]AND!C10) | G23: =+IF([3]AND!D10="","",[3]AND!D10) | H23: =+IF([3]AND!E10="","",[3]AND!E10) -> 109.72577 | I23: =+IF([3]AND!F10="","",[3]AND!F10) -> 3121260.4 | J23: =+IF([3]AND!G10="","",[3]AND!G10) | K23: =+IF([3]AND!H10="","",[3]AND!H10) -> 6080.962 | L23: =+IF([3]AND!I10="","",[3]AND!I10) -> 60.393697 | M23: =+IF([3]AND!J10="","",[3]AND!J10) -> 1935634.8 | N23: =+'[1]Trim CM INICIAL_ECM'!J12 -> 70.749209 | O23: =+[2]anu!B10 -> 108.48215 | P23: 199701 | Q23: =+Q22+1 -> 2008
A24: =VALUE("1/"&C24&"/"&B24) -> 34973 | B24: =LEFT(D24,4) -> 1995 | C24: 10 | D24: 199510 | E24: =+IF([3]AND!B11="","",[3]AND!B11) -> 1921734.9 | F24: =+IF([3]AND!C11="","",[3]AND!C11) | G24: =+IF([3]AND!D11="","",[3]AND!D11) | H24: =+IF([3]AND!E11="","",[3]AND!E11) -> 115.32716 | I24: =+IF([3]AND!F11="","",[3]AND!F11) -> 2577410 | J24: =+IF([3]AND!G11="","",[3]AND!G11) | K24: =+IF([3]AND!H11="","",[3]AND!H11) -> 5324.9369 | L24: =+IF([3]AND!I11="","",[3]AND!I11) -> 60.454091 | M24: =+IF([3]AND!J11="","",[3]AND!J11) -> 1921734.9 | N24: =+'[1]Trim CM INICIAL_ECM'!J13 -> 71.387254 | O24: =+[2]anu!B11 -> 104.02309 | P24: 199702 | Q24: =+Q23+1 -> 2009
A25: =VALUE("1/"&C25&"/"&B25) -> 35004 | B25: =LEFT(D25,4) -> 1995 | C25: 11 | D25: 199511 | E25: =+IF([3]AND!B12="","",[3]AND!B12) -> 1930784.3 | F25: =+IF([3]AND!C12="","",[3]AND!C12) | G25: =+IF([3]AND!D12="","",[3]AND!D12) | H25: =+IF([3]AND!E12="","",[3]AND!E12) -> 117.52375 | I25: =+IF([3]AND!F12="","",[3]AND!F12) -> 1619775.2 | J25: =+IF([3]AND!G12="","",[3]AND!G12) | K25: =+IF([3]AND!H12="","",[3]AND!H12) -> 5681.5287 | L25: =+IF([3]AND!I12="","",[3]AND!I12) -> 60.756362 | M25: =+IF([3]AND!J12="","",[3]AND!J12) -> 1930784.3 | N25: =+'[1]Trim CM INICIAL_ECM'!J14 -> 72.179702 | O25: =+[2]anu!B12 -> 102.64082 | P25: 199703 | Q25: =+Q24+1 -> 2010
A26: =VALUE("1/"&C26&"/"&B26) -> 35034 | B26: =LEFT(D26,4) -> 1995 | C26: 12 | D26: 199512 | E26: =+IF([3]AND!B13="","",[3]AND!B13) -> 1936048.2 | F26: =+IF([3]AND!C13="","",[3]AND!C13) | G26: =+IF([3]AND!D13="","",[3]AND!D13) | H26: =+IF([3]AND!E13="","",[3]AND!E13) -> 106.97918 | I26: =+IF([3]AND!F13="","",[3]AND!F13) -> 1548418 | J26: =+IF([3]AND!G13="","",[3]AND!G13) | K26: =+IF([3]AND!H13="","",[3]AND!H13) -> 4750.3578 | L26: =+IF([3]AND!I13="","",[3]AND!I13) -> 60.999387 | M26: =+IF([3]AND!J13="","",[3]AND!J13) -> 1936048.2 | N26: =+'[1]Trim CM INICIAL_ECM'!J15 -> 73.193535 | O26: =+[2]anu!B13 -> 102.3609 | P26: 199704 | Q26: =+Q25+1 -> 2011
A27: =VALUE("1/"&C27&"/"&B27) -> 35065 | B27: =LEFT(D27,4) -> 1996 | C27: 1 | D27: 199601 | E27: =+IF([3]AND!B14="","",[3]AND!B14) -> 1880054.6 | F27: =+IF([3]AND!C14="","",[3]AND!C14) | G27: =+IF([3]AND!D14="","",[3]AND!D14) | H27: =+IF([3]AND!E14="","",[3]AND!E14) -> 109.17622 | I27: =+IF([3]AND!F14="","",[3]AND!F14) -> 1357015.1 | J27: =+IF([3]AND!G14="","",[3]AND!G14) | K27: =+IF([3]AND!H14="","",[3]AND!H14) -> 7524.97 | L27: =+IF([3]AND!I14="","",[3]AND!I14) -> 61.426383 | M27: =+IF([3]AND!J14="","",[3]AND!J14) -> 1880054.6 | N27: =+'[1]Trim CM INICIAL_ECM'!J16 -> 73.809914 | O27: =+[2]anu!B14 -> 98.790917 | P27: 199801 | Q27: =+Q26+1 -> 2012
... A45: =VALUE("1/"&C45&"/"&B45) -> 35612 | B45: =LEFT(D45,4) -> 1997 | C45: 7 | D45: 199707 | E45: =+IF([3]AND!B32="","",[3]AND!B32) -> 2072137.8 | F45: =+IF([3]AND!C32="","",[3]AND!C32) | G45: =+IF([3]AND!D32="","",[3]AND!D32) | H45: =+IF([3]AND!E32="","",[3]AND!E32) -> 121.58778 | I45: =+IF([3]AND!F32="","",[3]AND!F32) -> 3680765.8 | J45: =+IF([3]AND!G32="","",[3]AND!G32) -> 282512 | K45: =+IF([3]AND!H32="","",[3]AND!H32) -> 7590.4921 | L45: =+IF([3]AND!I32="","",[3]AND!I32) -> 63.166785 | M45: =+IF([3]AND!J32="","",[3]AND!J32) -> 2072137.8 | N45: =+'[1]Trim CM INICIAL_ECM'!J34 -> 88.1866 | O45: =+[2]anu!B32 -> 133.35611 | P45: 200203 | Q45: =+Q44+1 -> 2030
A46: =VALUE("1/"&C46&"/"&B46) -> 35643 | B46: =LEFT(D46,4) -> 1997 | C46: 8 | D46: 199708 | E46: =+IF([3]AND!B33="","",[3]AND!B33) -> 2071293.3 | F46: =+IF([3]AND!C33="","",[3]AND!C33) | G46: =+IF([3]AND!D33="","",[3]AND!D33) | H46: =+IF([3]AND!E33="","",[3]AND!E33) -> 83.804483 | I46: =+IF([3]AND!F33="","",[3]AND!F33) -> 4576594.6 | J46: =+IF([3]AND!G33="","",[3]AND!G33) -> 263721 | K46: =+IF([3]AND!H33="","",[3]AND!H33) -> 6064.5814 | L46: =+IF([3]AND!I33="","",[3]AND!I33) -> 63.356286 | M46: =+IF([3]AND!J33="","",[3]AND!J33) -> 2071293.3 | N46: =+'[1]Trim CM INICIAL_ECM'!J35 -> 88.87513 | P46: 200204
A47: =VALUE("1/"&C47&"/"&B47) -> 35674 | B47: =LEFT(D47,4) -> 1997 | C47: 9 | D47: 199709 | E47: =+IF([3]AND!B34="","",[3]AND!B34) -> 2058910.4 | F47: =+IF([3]AND!C34="","",[3]AND!C34) | G47: =+IF([3]AND!D34="","",[3]AND!D34) | H47: =+IF([3]AND!E34="","",[3]AND!E34) -> 117.30442 | I47: =+IF([3]AND!F34="","",[3]AND!F34) -> 3723917.9 | J47: =+IF([3]AND!G34="","",[3]AND!G34) -> 269473 | K47: =+IF([3]AND!H34="","",[3]AND!H34) -> 7233.9003 | L47: =+IF([3]AND!I34="","",[3]AND!I34) -> 63.736423 | M47: =+IF([3]AND!J34="","",[3]AND!J34) -> 2058910.4 | N47: =+'[1]Trim CM INICIAL_ECM'!J36 -> 89.731812 | P47: 200301
A48: =VALUE("1/"&C48&"/"&B48) -> 35704 | B48: =LEFT(D48,4) -> 1997 | C48: 10 | D48: 199710 | E48: =+IF([3]AND!B35="","",[3]AND!B35) -> 2057184.5 | F48: =+IF([3]AND!C35="","",[3]AND!C35) | G48: =+IF([3]AND!D35="","",[3]AND!D35) | H48: =+IF([3]AND!E35="","",[3]AND!E35) -> 128.28774 | I48: =+IF([3]AND!F35="","",[3]AND!F35) -> 3038328.5 | J48: =+IF([3]AND!G35="","",[3]AND!G35) -> 297358 | K48: =+IF([3]AND!H35="","",[3]AND!H35) -> 9094.9821 | L48: =+IF([3]AND!I35="","",[3]AND!I35) -> 63.672687 | M48: =+IF([3]AND!J35="","",[3]AND!J35) -> 2057184.5 | N48: =+'[1]Trim CM INICIAL_ECM'!J37 -> 90.07568 | P48: 200302
A49: =VALUE("1/"&C49&"/"&B49) -> 35735 | B49: =LEFT(D49,4) -> 1997 | C49: 11 | D49: 199711 | E49: =+IF([3]AND!B36="","",[3]AND!B36) -> 2065999.6 | F49: =+IF([3]AND!C36="","",[3]AND!C36) | G49: =+IF([3]AND!D36="","",[3]AND!D36) | H49: =+IF([3]AND!E36="","",[3]AND!E36) -> 120.37947 | I49: =+IF([3]AND!F36="","",[3]AND!F36) -> 1898279.1 | J49: =+IF([3]AND!G36="","",[3]AND!G36) -> 239751 | K49: =+IF([3]AND!H36="","",[3]AND!H36) -> 7556.471 | L49: =+IF([3]AND!I36="","",[3]AND!I36) -> 63.73636 | M49: =+IF([3]AND!J36="","",[3]AND!J36) -> 2065999.6 | N49: =+'[1]Trim CM INICIAL_ECM'!J38 -> 90.746529 | P49: 200303
A50: =VALUE("1/"&C50&"/"&B50) -> 35765 | B50: =LEFT(D50,4) -> 1997 | C50: 12 | D50: 199712 | E50: =+IF([3]AND!B37="","",[3]AND!B37) -> 2053932.2 | F50: =+IF([3]AND!C37="","",[3]AND!C37) | G50: =+IF([3]AND!D37="","",[3]AND!D37) | H50: =+IF([3]AND!E37="","",[3]AND!E37) -> 122.4659 | I50: =+IF([3]AND!F37="","",[3]AND!F37) -> 1699282.9 | J50: =+IF([3]AND!G37="","",[3]AND!G37) -> 267352 | K50: =+IF([3]AND!H37="","",[3]AND!H37) -> 7121.7566 | L50: =+IF([3]AND!I37="","",[3]AND!I37) -> 63.800096 | M50: =+IF([3]AND!J37="","",[3]AND!J37) -> 2053932.2 | N50: =+'[1]Trim CM INICIAL_ECM'!J39 -> 91.507449 | P50: 200304
A51: =VALUE("1/"&C51&"/"&B51) -> 35796 | B51: =LEFT(D51,4) -> 1998 | C51: 1 | D51: 199801 | E51: =+IF([3]AND!B38="","",[3]AND!B38) -> 2024070.4 | F51: =+IF([3]AND!C38="","",[3]AND!C38) | G51: =+IF([3]AND!D38="","",[3]AND!D38) | H51: =+IF([3]AND!E38="","",[3]AND!E38) -> 138.06289 | I51: =+IF([3]AND!F38="","",[3]AND!F38) -> 1679090.3 | J51: =+IF([3]AND!G38="","",[3]AND!G38) -> 255134 | K51: =+IF([3]AND!H38="","",[3]AND!H38) -> 10119.396 | L51: =+IF([3]AND!I38="","",[3]AND!I38) -> 63.927696 | M51: =+IF([3]AND!J38="","",[3]AND!J38) -> 2024070.4 | N51: =+'[1]Trim CM INICIAL_ECM'!J40 -> 92.042783 | P51: 200401
A52: =VALUE("1/"&C52&"/"&B52) -> 35827 | B52: =LEFT(D52,4) -> 1998 | C52: 2 | D52: 199802 | E52: =+IF([3]AND!B39="","",[3]AND!B39) -> 2064655.6 | F52: =+IF([3]AND!C39="","",[3]AND!C39) | G52: =+IF([3]AND!D39="","",[3]AND!D39) | H52: =+IF([3]AND!E39="","",[3]AND!E39) -> 129.05677 | I52: =+IF([3]AND!F39="","",[3]AND!F39) -> 1984333.5 | J52: =+IF([3]AND!G39="","",[3]AND!G39) -> 244785 | K52: =+IF([3]AND!H39="","",[3]AND!H39) -> 8713.1894 | L52: =+IF([3]AND!I39="","",[3]AND!I39) -> 63.927696 | M52: =+IF([3]AND!J39="","",[3]AND!J39) -> 2064655.6 | N52: =+'[1]Trim CM INICIAL_ECM'!J41 -> 93.020239 | P52: 200402
A53: =VALUE("1/"&C53&"/"&B53) -> 35855 | B53: =LEFT(D53,4) -> 1998 | C53: 3 | D53: 199803 | E53: =+IF([3]AND!B40="","",[3]AND!B40) -> 2102584.4 | F53: =+IF([3]AND!C40="","",[3]AND!C40) | G53: =+IF([3]AND!D40="","",[3]AND!D40) | H53: =+IF([3]AND!E40="","",[3]AND!E40) -> 126.97003 | I53: =+IF([3]AND!F40="","",[3]AND!F40) -> 2670101.6 | J53: =+IF([3]AND!G40="","",[3]AND!G40) -> 306659 | K53: =+IF([3]AND!H40="","",[3]AND!H40) -> 8899.6756 | L53: =+IF([3]AND!I40="","",[3]AND!I40) -> 63.927696 | M53: =+IF([3]AND!J40="","",[3]AND!J40) -> 2102584.4 | N53: =+'[1]Trim CM INICIAL_ECM'!J42 -> 93.804639 | P53: 200403
A54: =VALUE("1/"&C54&"/"&B54) -> 35886 | B54: =LEFT(D54,4) -> 1998 | C54: 4 | D54: 199804 | E54: =+IF([3]AND!B41="","",[3]AND!B41) -> 2117115 | F54: =+IF([3]AND!C41="","",[3]AND!C41) | G54: =+IF([3]AND!D41="","",[3]AND!D41) | H54: =+IF([3]AND!E41="","",[3]AND!E41) -> 113.35016 | I54: =+IF([3]AND!F41="","",[3]AND!F41) -> 3461115 | J54: =+IF([3]AND!G41="","",[3]AND!G41) -> 293442 | K54: =+IF([3]AND!H41="","",[3]AND!H41) -> 8551.9041 | L54: =+IF([3]AND!I41="","",[3]AND!I41) -> 63.991624 | M54: =+IF([3]AND!J41="","",[3]AND!J41) -> 2117115 | N54: =+'[1]Trim CM INICIAL_ECM'!J43 -> 94.47041 | P54: 200404
A55: =VALUE("1/"&C55&"/"&B55) -> 35916 | B55: =LEFT(D55,4) -> 1998 | C55: 5 | D55: 199805 | E55: =+IF([3]AND!B42="","",[3]AND!B42) -> 2143782.2 | F55: =+IF([3]AND!C42="","",[3]AND!C42) | G55: =+IF([3]AND!D42="","",[3]AND!D42) | H55: =+IF([3]AND!E42="","",[3]AND!E42) -> 116.31545 | I55: =+IF([3]AND!F42="","",[3]AND!F42) -> 3454882.2 | J55: =+IF([3]AND!G42="","",[3]AND!G42) -> 278168 | K55: =+IF([3]AND!H42="","",[3]AND!H42) -> 7940.7838 | L55: =+IF([3]AND!I42="","",[3]AND!I42) -> 63.991624 | M55: =+IF([3]AND!J42="","",[3]AND!J42) -> 2143782.2 | N55: =+'[1]Trim CM INICIAL_ECM'!J44 -> 95.314485 | P55: 200501
A56: =VALUE("1/"&C56&"/"&B56) -> 35947 | B56: =LEFT(D56,4) -> 1998 | C56: 6 | D56: 199806 | E56: =+IF([3]AND!B43="","",[3]AND!B43) -> 2174453.4 | F56: =+IF([3]AND!C43="","",[3]AND!C43) | G56: =+IF([3]AND!D43="","",[3]AND!D43) | H56: =+IF([3]AND!E43="","",[3]AND!E43) -> 123.78457 | I56: =+IF([3]AND!F43="","",[3]AND!F43) -> 3342827.1 | J56: =+IF([3]AND!G43="","",[3]AND!G43) -> 300222 | K56: =+IF([3]AND!H43="","",[3]AND!H43) -> 8183.9718 | L56: =+IF([3]AND!I43="","",[3]AND!I43) -> 64.055615 | M56: =+IF([3]AND!J43="","",[3]AND!J43) -> 2174453.4 | N56: =+'[1]Trim CM INICIAL_ECM'!J45 -> 96.160515 | P56: 200502
A57: =VALUE("1/"&C57&"/"&B57) -> 35977 | B57: =LEFT(D57,4) -> 1998 | C57: 7 | D57: 199807 | E57: =+IF([3]AND!B44="","",[3]AND!B44) -> 2176021.4 | F57: =+IF([3]AND!C44="","",[3]AND!C44) | G57: =+IF([3]AND!D44="","",[3]AND!D44) | H57: =+IF([3]AND!E44="","",[3]AND!E44) -> 126.85988 | I57: =+IF([3]AND!F44="","",[3]AND!F44) -> 4069204.5 | J57: =+IF([3]AND!G44="","",[3]AND!G44) -> 326813 | K57: =+IF([3]AND!H44="","",[3]AND!H44) -> 8330.1367 | L57: =+IF([3]AND!I44="","",[3]AND!I44) -> 64.247782 | M57: =+IF([3]AND!J44="","",[3]AND!J44) -> 2176021.4 | N57: =+'[1]Trim CM INICIAL_ECM'!J46 -> 97.081208 | P57: 200503
... A115: =VALUE("1/"&C115&"/"&B115) -> 37742 | B115: =LEFT(D115,4) -> 2003 | C115: 5 | D115: 200305 | E115: =+IF([3]AND!B102="","",[3]AND!B102) -> 2733313.4 | F115: =+IF([3]AND!C102="","",[3]AND!C102) | G115: =+IF([3]AND!D102="","",[3]AND!D102) -> 116.342 | H115: =+IF([3]AND!E102="","",[3]AND!E102) -> 132.659 | I115: =+IF([3]AND!F102="","",[3]AND!F102) -> 4013641 | J115: =+IF([3]AND!G102="","",[3]AND!G102) -> 520825 | K115: =+IF([3]AND!H102="","",[3]AND!H102) -> 15866 | L115: =+IF([3]AND!I102="","",[3]AND!I102) -> 74.204 | M115: =+IF([3]AND!J102="","",[3]AND!J102) -> 2733313.4 | N115: =+'[1]Trim CM INICIAL_ECM'!J104 -> 107.10463 | P115: 202001
D116: 200306 | E116: =+IF([3]AND!B103="","",[3]AND!B103) -> 2745193.3 | F116: =+IF([3]AND!C103="","",[3]AND!C103) | G116: =+IF([3]AND!D103="","",[3]AND!D103) -> 117.92 | H116: =+IF([3]AND!E103="","",[3]AND!E103) -> 137.355 | I116: =+IF([3]AND!F103="","",[3]AND!F103) -> 4086540 | J116: =+IF([3]AND!G103="","",[3]AND!G103) -> 511781 | K116: =+IF([3]AND!H103="","",[3]AND!H103) -> 13369 | L116: =+IF([3]AND!I103="","",[3]AND!I103) -> 74.254 | M116: =+IF([3]AND!J103="","",[3]AND!J103) -> 2745193.3 | N116: =+'[1]Trim CM INICIAL_ECM'!J105 -> 88.050276 | P116: 202002
D117: 200307 | E117: =+IF([3]AND!B104="","",[3]AND!B104) -> 2743928.8 | F117: =+IF([3]AND!C104="","",[3]AND!C104) | G117: =+IF([3]AND!D104="","",[3]AND!D104) -> 127.583 | H117: =+IF([3]AND!E104="","",[3]AND!E104) -> 152.03 | I117: =+IF([3]AND!F104="","",[3]AND!F104) -> 4910297 | J117: =+IF([3]AND!G104="","",[3]AND!G104) -> 548549 | K117: =+IF([3]AND!H104="","",[3]AND!H104) -> 13041 | L117: =+IF([3]AND!I104="","",[3]AND!I104) -> 73.579 | M117: =+IF([3]AND!J104="","",[3]AND!J104) -> 2743928.8 | N117: =+'[1]Trim CM INICIAL_ECM'!J106 -> 102.0523 | P117: 202003
D118: 200308 | E118: =+IF([3]AND!B105="","",[3]AND!B105) -> 2730981.8 | F118: =+IF([3]AND!C105="","",[3]AND!C105) | G118: =+IF([3]AND!D105="","",[3]AND!D105) -> 118.1 | H118: =+IF([3]AND!E105="","",[3]AND!E105) -> 118.278 | I118: =+IF([3]AND!F105="","",[3]AND!F105) -> 5830975 | J118: =+IF([3]AND!G105="","",[3]AND!G105) -> 533070 | K118: =+IF([3]AND!H105="","",[3]AND!H105) -> 11694 | L118: =+IF([3]AND!I105="","",[3]AND!I105) -> 73.934 | M118: =+IF([3]AND!J105="","",[3]AND!J105) -> 2730981.8 | N118: =+'[1]Trim CM INICIAL_ECM'!J107 -> 102.79279 | P118: 202004
D119: 200309 | E119: =+IF([3]AND!B106="","",[3]AND!B106) -> 2716459.8 | F119: =+IF([3]AND!C106="","",[3]AND!C106) | G119: =+IF([3]AND!D106="","",[3]AND!D106) -> 117.753 | H119: =+IF([3]AND!E106="","",[3]AND!E106) -> 137.795 | I119: =+IF([3]AND!F106="","",[3]AND!F106) -> 4613152 | J119: =+IF([3]AND!G106="","",[3]AND!G106) -> 511026 | K119: =+IF([3]AND!H106="","",[3]AND!H106) -> 13672 | L119: =+IF([3]AND!I106="","",[3]AND!I106) -> 74.193 | M119: =+IF([3]AND!J106="","",[3]AND!J106) -> 2716459.8 | N119: =+'[1]Trim CM INICIAL_ECM'!J108 -> 104.02811 | P119: 202101
D120: 200310 | E120: =+IF([3]AND!B107="","",[3]AND!B107) -> 2712157.4 | F120: =+IF([3]AND!C107="","",[3]AND!C107) | G120: =+IF([3]AND!D107="","",[3]AND!D107) -> 121.756 | H120: =+IF([3]AND!E107="","",[3]AND!E107) -> 146.013 | I120: =+IF([3]AND!F107="","",[3]AND!F107) -> 3582748 | J120: =+IF([3]AND!G107="","",[3]AND!G107) -> 520953 | K120: =+IF([3]AND!H107="","",[3]AND!H107) -> 16384 | L120: =+IF([3]AND!I107="","",[3]AND!I107) -> 74.736 | M120: =+IF([3]AND!J107="","",[3]AND!J107) -> 2712157.4 | N120: =+'[1]Trim CM INICIAL_ECM'!J109 -> 105.45424 | P120: 202102
D121: 200311 | E121: =+IF([3]AND!B108="","",[3]AND!B108) -> 2742480.8 | F121: =+IF([3]AND!C108="","",[3]AND!C108) | G121: =+IF([3]AND!D108="","",[3]AND!D108) -> 111.268 | H121: =+IF([3]AND!E108="","",[3]AND!E108) -> 137.942 | I121: =+IF([3]AND!F108="","",[3]AND!F108) -> 2162222 | J121: =+IF([3]AND!G108="","",[3]AND!G108) -> 494930 | K121: =+IF([3]AND!H108="","",[3]AND!H108) -> 13517 | L121: =+IF([3]AND!I108="","",[3]AND!I108) -> 75.009 | M121: =+IF([3]AND!J108="","",[3]AND!J108) -> 2742480.8 | N121: =+'[1]Trim CM INICIAL_ECM'!J110 -> 107.53285 | P121: 202103
D122: 200312 | E122: =+IF([3]AND!B109="","",[3]AND!B109) -> 2697353.6 | F122: =+IF([3]AND!C109="","",[3]AND!C109) | G122: =+IF([3]AND!D109="","",[3]AND!D109) -> 140.714 | H122: =+IF([3]AND!E109="","",[3]AND!E109) -> 129.724 | I122: =+IF([3]AND!F109="","",[3]AND!F109) -> 2074675 | J122: =+IF([3]AND!G109="","",[3]AND!G109) -> 530821 | K122: =+IF([3]AND!H109="","",[3]AND!H109) -> 10870 | L122: =+IF([3]AND!I109="","",[3]AND!I109) -> 75.097 | M122: =+IF([3]AND!J109="","",[3]AND!J109) -> 2697353.6 | N122: =+'[1]Trim CM INICIAL_ECM'!J111 -> 109.71738 | P122: 202104
D123: 200401 | E123: =+IF([3]AND!B110="","",[3]AND!B110) -> 2705546 | F123: =+IF([3]AND!C110="","",[3]AND!C110) | G123: =+IF([3]AND!D110="","",[3]AND!D110) -> 121.002 | H123: =+IF([3]AND!E110="","",[3]AND!E110) -> 124.295 | I123: =+IF([3]AND!F110="","",[3]AND!F110) -> 2025701 | J123: =+IF([3]AND!G110="","",[3]AND!G110) -> 506116 | K123: =+IF([3]AND!H110="","",[3]AND!H110) -> 15326 | L123: =+IF([3]AND!I110="","",[3]AND!I110) -> 74.391 | M123: =+IF([3]AND!J110="","",[3]AND!J110) -> 2705546 | N123: =+'[1]Trim CM INICIAL_ECM'!J112 -> 111.44189 | P123: 202201
D124: 200402 | E124: =+IF([3]AND!B111="","",[3]AND!B111) -> 2753713 | F124: =+IF([3]AND!C111="","",[3]AND!C111) | G124: =+IF([3]AND!D111="","",[3]AND!D111) -> 104.012 | H124: =+IF([3]AND!E111="","",[3]AND!E111) -> 122.387 | I124: =+IF([3]AND!F111="","",[3]AND!F111) -> 2606493 | J124: =+IF([3]AND!G111="","",[3]AND!G111) -> 464267 | K124: =+IF([3]AND!H111="","",[3]AND!H111) -> 14542 | L124: =+IF([3]AND!I111="","",[3]AND!I111) -> 74.508 | M124: =+IF([3]AND!J111="","",[3]AND!J111) -> 2753713 | N124: =+'[1]Trim CM INICIAL_ECM'!J113 -> 113.33779 | P124: 202202
D125: 200403 | E125: =+IF([3]AND!B112="","",[3]AND!B112) -> 2790235 | F125: =+IF([3]AND!C112="","",[3]AND!C112) | G125: =+IF([3]AND!D112="","",[3]AND!D112) -> 118.006 | H125: =+IF([3]AND!E112="","",[3]AND!E112) -> 146.453 | I125: =+IF([3]AND!F112="","",[3]AND!F112) -> 3162611 | J125: =+IF([3]AND!G112="","",[3]AND!G112) -> 527908 | K125: =+IF([3]AND!H112="","",[3]AND!H112) -> 17518 | L125: =+IF([3]AND!I112="","",[3]AND!I112) -> 75.082 | M125: =+IF([3]AND!J112="","",[3]AND!J112) -> 2790235 | N125: =+'[1]Trim CM INICIAL_ECM'!J114 -> 114.26243 | P125: 202203
D126: 200404 | E126: =+IF([3]AND!B113="","",[3]AND!B113) -> 2808173 | F126: =+IF([3]AND!C113="","",[3]AND!C113) | G126: =+IF([3]AND!D113="","",[3]AND!D113) -> 116.001 | H126: =+IF([3]AND!E113="","",[3]AND!E113) -> 131.925 | I126: =+IF([3]AND!F113="","",[3]AND!F113) -> 3881135 | J126: =+IF([3]AND!G113="","",[3]AND!G113) -> 501425 | K126: =+IF([3]AND!H113="","",[3]AND!H113) -> 14092 | L126: =+IF([3]AND!I113="","",[3]AND!I113) -> 76.236 | M126: =+IF([3]AND!J113="","",[3]AND!J113) -> 2808173 | N126: =+'[1]Trim CM INICIAL_ECM'!J115 -> 114.87482 | P126: 202204
D127: 200405 | E127: =+IF([3]AND!B114="","",[3]AND!B114) -> 2831411 | F127: =+IF([3]AND!C114="","",[3]AND!C114) | G127: =+IF([3]AND!D114="","",[3]AND!D114) -> 115.275 | H127: =+IF([3]AND!E114="","",[3]AND!E114) -> 137.355 | I127: =+IF([3]AND!F114="","",[3]AND!F114) -> 3820989 | J127: =+IF([3]AND!G114="","",[3]AND!G114) -> 486082 | K127: =+IF([3]AND!H114="","",[3]AND!H114) -> 17041 | L127: =+IF([3]AND!I114="","",[3]AND!I114) -> 76.741 | M127: =+IF([3]AND!J114="","",[3]AND!J114) -> 2831411 | N127: =+'[1]Trim CM INICIAL_ECM'!J116 -> 115.46078 | P127: 202301
... D158: 200612 | E158: =+IF([3]AND!B145="","",[3]AND!B145) -> 3074573 | F158: =+IF([3]AND!C145="","",[3]AND!C145) -> 143.70267 | G158: =+IF([3]AND!D145="","",[3]AND!D145) -> 152.947 | H158: =+IF([3]AND!E145="","",[3]AND!E145) -> 151.296 | I158: =+IF([3]AND!F145="","",[3]AND!F145) -> 2487524 | J158: =+IF([3]AND!G145="","",[3]AND!G145) -> 537947 | K158: =+IF([3]AND!H145="","",[3]AND!H145) -> 18273 | L158: =+IF([3]AND!I145="","",[3]AND!I145) -> 82.521 | M158: =+IF([3]AND!J145="","",[3]AND!J145) -> 3074573 | N158: =+'[1]Trim CM INICIAL_ECM'!J147 -> 135.47417 | P158: 203004
D159: 200701 | E159: =+IF([3]AND!B146="","",[3]AND!B146) -> 3059375 | F159: =+IF([3]AND!C146="","",[3]AND!C146) -> 120.94127 | G159: =+IF([3]AND!D146="","",[3]AND!D146) -> 129.966 | H159: =+IF([3]AND!E146="","",[3]AND!E146) -> 167.291 | I159: =+IF([3]AND!F146="","",[3]AND!F146) -> 2288047 | J159: =+IF([3]AND!G146="","",[3]AND!G146) -> 547984 | K159: =+IF([3]AND!H146="","",[3]AND!H146) -> 26158 | L159: =+IF([3]AND!I146="","",[3]AND!I146) -> 81.823 | M159: =+IF([3]AND!J146="","",[3]AND!J146) -> 3059375
D160: 200702 | E160: =+IF([3]AND!B147="","",[3]AND!B147) -> 3083771 | F160: =+IF([3]AND!C147="","",[3]AND!C147) -> 110.82912 | G160: =+IF([3]AND!D147="","",[3]AND!D147) -> 109.663 | H160: =+IF([3]AND!E147="","",[3]AND!E147) -> 145.573 | I160: =+IF([3]AND!F147="","",[3]AND!F147) -> 2686955 | J160: =+IF([3]AND!G147="","",[3]AND!G147) -> 487217 | K160: =+IF([3]AND!H147="","",[3]AND!H147) -> 21081 | L160: =+IF([3]AND!I147="","",[3]AND!I147) -> 81.978 | M160: =+IF([3]AND!J147="","",[3]AND!J147) -> 3083771
D161: 200703 | E161: =+IF([3]AND!B148="","",[3]AND!B148) -> 3114147 | F161: =+IF([3]AND!C148="","",[3]AND!C148) -> 133.63358 | G161: =+IF([3]AND!D148="","",[3]AND!D148) -> 128.858 | H161: =+IF([3]AND!E148="","",[3]AND!E148) -> 162.449 | I161: =+IF([3]AND!F148="","",[3]AND!F148) -> 3555748 | J161: =+IF([3]AND!G148="","",[3]AND!G148) -> 599964 | K161: =+IF([3]AND!H148="","",[3]AND!H148) -> 24693 | L161: =+IF([3]AND!I148="","",[3]AND!I148) -> 82.59 | M161: =+IF([3]AND!J148="","",[3]AND!J148) -> 3114147
D162: 200704 | E162: =+IF([3]AND!B149="","",[3]AND!B149) -> 3131881 | F162: =+IF([3]AND!C149="","",[3]AND!C149) -> 122.32206 | G162: =+IF([3]AND!D149="","",[3]AND!D149) -> 119.813 | H162: =+IF([3]AND!E149="","",[3]AND!E149) -> 137.648 | I162: =+IF([3]AND!F149="","",[3]AND!F149) -> 4486066 | J162: =+IF([3]AND!G149="","",[3]AND!G149) -> 515593 | K162: =+IF([3]AND!H149="","",[3]AND!H149) -> 19486 | L162: =+IF([3]AND!I149="","",[3]AND!I149) -> 83.8 | M162: =+IF([3]AND!J149="","",[3]AND!J149) -> 3131881
D163: 200705 | E163: =+IF([3]AND!B150="","",[3]AND!B150) -> 3150805 | F163: =+IF([3]AND!C150="","",[3]AND!C150) -> 133.03498 | G163: =+IF([3]AND!D150="","",[3]AND!D150) -> 125.221 | H163: =+IF([3]AND!E150="","",[3]AND!E150) -> 155.405 | I163: =+IF([3]AND!F150="","",[3]AND!F150) -> 4293472 | J163: =+IF([3]AND!G150="","",[3]AND!G150) -> 559875 | K163: =+IF([3]AND!H150="","",[3]AND!H150) -> 23782 | L163: =+IF([3]AND!I150="","",[3]AND!I150) -> 83.998 | M163: =+IF([3]AND!J150="","",[3]AND!J150) -> 3150805
D164: 200706 | E164: =+IF([3]AND!B151="","",[3]AND!B151) -> 3151883 | F164: =+IF([3]AND!C151="","",[3]AND!C151) -> 134.88313 | G164: =+IF([3]AND!D151="","",[3]AND!D151) -> 127.76 | H164: =+IF([3]AND!E151="","",[3]AND!E151) -> 152.47 | I164: =+IF([3]AND!F151="","",[3]AND!F151) -> 4915510 | J164: =+IF([3]AND!G151="","",[3]AND!G151) -> 555264 | K164: =+IF([3]AND!H151="","",[3]AND!H151) -> 21049 | L164: =+IF([3]AND!I151="","",[3]AND!I151) -> 84.154 | M164: =+IF([3]AND!J151="","",[3]AND!J151) -> 3151883
D165: 200707 | E165: =+IF([3]AND!B152="","",[3]AND!B152) -> 3158671 | F165: =+IF([3]AND!C152="","",[3]AND!C152) -> 140.38579 | G165: =+IF([3]AND!D152="","",[3]AND!D152) -> 138.421 | H165: =+IF([3]AND!E152="","",[3]AND!E152) -> 158.633 | I165: =+IF([3]AND!F152="","",[3]AND!F152) -> 6033983 | J165: =+IF([3]AND!G152="","",[3]AND!G152) -> 578725 | K165: =+IF([3]AND!H152="","",[3]AND!H152) -> 22996 | L165: =+IF([3]AND!I152="","",[3]AND!I152) -> 83.371 | M165: =+IF([3]AND!J152="","",[3]AND!J152) -> 3158671
D166: 200708 | E166: =+IF([3]AND!B153="","",[3]AND!B153) -> 3132806 | F166: =+IF([3]AND!C153="","",[3]AND!C153) -> 122.36539 | G166: =+IF([3]AND!D153="","",[3]AND!D153) -> 128.992 | H166: =+IF([3]AND!E153="","",[3]AND!E153) -> 121.653 | I166: =+IF([3]AND!F153="","",[3]AND!F153) -> 6987304 | J166: =+IF([3]AND!G153="","",[3]AND!G153) -> 573820 | K166: =+IF([3]AND!H153="","",[3]AND!H153) -> 19354 | L166: =+IF([3]AND!I153="","",[3]AND!I153) -> 83.516 | M166: =+IF([3]AND!J153="","",[3]AND!J153) -> 3132806
D167: 200709 | E167: =+IF([3]AND!B154="","",[3]AND!B154) -> 3128831 | F167: =+IF([3]AND!C154="","",[3]AND!C154) -> 121.47786 | G167: =+IF([3]AND!D154="","",[3]AND!D154) -> 124.492 | H167: =+IF([3]AND!E154="","",[3]AND!E154) -> 141.904 | I167: =+IF([3]AND!F154="","",[3]AND!F154) -> 5388977 | J167: =+IF([3]AND!G154="","",[3]AND!G154) -> 508533 | K167: =+IF([3]AND!H154="","",[3]AND!H154) -> 20800 | L167: =+IF([3]AND!I154="","",[3]AND!I154) -> 83.858 | M167: =+IF([3]AND!J154="","",[3]AND!J154) -> 3128831
D168: 200710 | E168: =+IF([3]AND!B155="","",[3]AND!B155) -> 3133186 | F168: =+IF([3]AND!C155="","",[3]AND!C155) -> 132.90002 | G168: =+IF([3]AND!D155="","",[3]AND!D155) -> 127.427 | H168: =+IF([3]AND!E155="","",[3]AND!E155) -> 159.514 | I168: =+IF([3]AND!F155="","",[3]AND!F155) -> 4281534 | J168: =+IF([3]AND!G155="","",[3]AND!G155) -> 565508 | K168: =+IF([3]AND!H155="","",[3]AND!H155) -> 21994 | L168: =+IF([3]AND!I155="","",[3]AND!I155) -> 84.973 | M168: =+IF([3]AND!J155="","",[3]AND!J155) -> 3133186
D169: 200711 | E169: =+IF([3]AND!B156="","",[3]AND!B156) -> 3142859 | F169: =+IF([3]AND!C156="","",[3]AND!C156) -> 130.67569 | G169: =+IF([3]AND!D156="","",[3]AND!D156) -> 125.055 | H169: =+IF([3]AND!E156="","",[3]AND!E156) -> 154.671 | I169: =+IF([3]AND!F156="","",[3]AND!F156) -> 2782277 | J169: =+IF([3]AND!G156="","",[3]AND!G156) -> 544362 | K169: =+IF([3]AND!H156="","",[3]AND!H156) -> 19142 | L169: =+IF([3]AND!I156="","",[3]AND!I156) -> 85.642 | M169: =+IF([3]AND!J156="","",[3]AND!J156) -> 3142859
D170: 200712 | E170: =+IF([3]AND!B157="","",[3]AND!B157) -> 3139231 | F170: =+IF([3]AND!C157="","",[3]AND!C157) -> 141.66368 | G170: =+IF([3]AND!D157="","",[3]AND!D157) -> 151.076 | H170: =+IF([3]AND!E157="","",[3]AND!E157) -> 156.579 | I170: =+IF([3]AND!F157="","",[3]AND!F157) -> 2473808 | J170: =+IF([3]AND!G157="","",[3]AND!G157) -> 532674 | K170: =+IF([3]AND!H157="","",[3]AND!H157) -> 14236 | L170: =+IF([3]AND!I157="","",[3]AND!I157) -> 85.951 | M170: =+IF([3]AND!J157="","",[3]AND!J157) -> 3139231
... D446: 203012 | E446: =+IF([3]AND!B433="","",[3]AND!B433) | F446: =+IF([3]AND!C433="","",[3]AND!C433) | G446: =+IF([3]AND!D433="","",[3]AND!D433) | H446: =+IF([3]AND!E433="","",[3]AND!E433) | I446: =+IF([3]AND!F433="","",[3]AND!F433) | J446: =+IF([3]AND!G433="","",[3]AND!G433) | K446: =+IF([3]AND!H433="","",[3]AND!H433) | L446: =+IF([3]AND!I433="","",[3]AND!I433) | M446: =+IF([3]AND!J433="","",[3]AND!J433)

Sheet ARA
D1: Acrónimo | E1: AFI | F1: IAS | G1: ICM | H1: IPI | I1: PER | J1: GAS | K1: HIP | L1: IPC | M1: AFIE | N1: PIB | O1: PIB_CCAA
D2: SA | E2: 0 | F2: 0 | G2: 0 | H2: 0 | I2: 0 | J2: 0 | K2: 0 | L2: 0 | M2: 0 | N2: 0 | O2: 0
D3: DEF | E3: 1 | F3: 1 | G3: 1 | H3: 1 | I3: 1 | J3: 1 | K3: 1 | L3: 1 | M3: 1 | N3: 1 | O3: 1
D4: Serie | E4: afiliados | F4: creditos | G4: depositos | H4: consumo productos petro | I4: hipotecas | J4: indice actividad serviciios | K4: indice comercio al por menor | L4: indice comercio al por menor | M4: indice comercio al por menor | N4: PIB ESPAÑA | O4: PIB ccaa
D5: Enlaces y Deflactores
D6: Fecha INI MOD | E6: 34700 | F6: 34700 | G6: 34700 | H6: 34731 | I6: 34759 | J6: 34790 | K6: 34820 | L6: 34851 | M6: 34881 | N6: 34973 | O6: 35004
D7: Cod | E7: SC | F7: 190000m | G7: 229000cc.d | H7: 229000cc.d | I7: 229000cc.d | J7: 229000cc.d | K7: 229000cc.d | L7: 229000cc.d | M7: 229000cc.d | N7: 229000cc.d | O7: 229000cc.d
D8: Año | E8: 1995 | F8: 2005 | G8: 2001 | H8: 1995 | I8: 1995 | J8: 1997 | K8: 1995 | L8: 1995 | M8: 1995 | N8: 1995 | O8: 2000
D9: Freq | E9: 12 | F9: 12 | G9: 12 | H9: 12 | I9: 12 | J9: 12 | K9: 12 | L9: 12 | M9: 12 | N9: 4 | O9: 1
D10: Mes INI | E10: 8 | F10: 1 | G10: 1 | H10: 1 | I10: 1 | J10: 1 | K10: 1 | L10: 1 | M10: 1 | N10: 1 | O10: 0
D11: type | E11: 6 | F11: 6 | G11: 6 | H11: 6 | I11: 6 | J11: 6 | K11: 6 | L11: 6 | M11: 6 | N11: 2 | O11: 1
D12: dlg | E12: 1 | F12: 1 | G12: 1 | H12: 1 | I12: 1 | J12: 1 | K12: 1 | L12: 1 | M12: 1 | N12: 1 | O12: 1
D13: selector | E13: =+AND!E13 -> 1 | F13: =+AND!F13 -> 1 | G13: =+AND!G13 -> 1 | H13: =+AND!H13 -> 1 | I13: =+AND!I13 -> 1 | J13: =+AND!J13 -> 1 | K13: =+AND!K13 -> 1 | L13: =+AND!L13 -> 1 | ... O13: =+AND!O13 -> 1
A14: Posición de outlier---> | D14: outliers | E14: 0 | F14: 0 | G14: 0 | H14: 0 | I14: 0 | J14: 0 | K14: 0 | L14: 0 | M14: 0 | N14: 0 | O14: 0
A15: =VALUE("1/"&C15&"/"&B15) -> 34700 | B15: =LEFT(D15,4) -> 1995 | C15: 1 | D15: 199501 | E15: =+IF([3]ARA!B2="","",[3]ARA!B2) -> 382261.7 | F15: =+IF([3]ARA!C2="","",[3]ARA!C2) | G15: =+IF([3]ARA!D2="","",[3]ARA!D2) | H15: =+IF([3]ARA!E2="","",[3]ARA!E2) -> 84.927296 | I15: =+IF([3]ARA!F2="","",[3]ARA!F2) -> 156322.55 | J15: =+IF([3]ARA!G2="","",[3]ARA!G2) | K15: =+IF([3]ARA!H2="","",[3]ARA!H2) -> 1688.532 | L15: =+IF([3]ARA!I2="","",[3]ARA!I2) -> 57.626117 | M15: =+IF([3]ARA!J2="","",[3]ARA!J2) -> 382261.7 | N15: =+'[1]Trim CM INICIAL_ECM'!J4 -> 67.016017 | O15: =+[2]anu!B2 -> 84.237632 | P15: 199501 | Q15: 2000
A16: =VALUE("1/"&C16&"/"&B16) -> 34731 | B16: =LEFT(D16,4) -> 1995 | C16: 2 | D16: 199502 | E16: =+IF([3]ARA!B3="","",[3]ARA!B3) -> 384978.52 | F16: =+IF([3]ARA!C3="","",[3]ARA!C3) | G16: =+IF([3]ARA!D3="","",[3]ARA!D3) | H16: =+IF([3]ARA!E3="","",[3]ARA!E3) -> 82.938838 | I16: =+IF([3]ARA!F3="","",[3]ARA!F3) -> 196358.66 | J16: =+IF([3]ARA!G3="","",[3]ARA!G3) | K16: =+IF([3]ARA!H3="","",[3]ARA!H3) -> 1712.3515 | L16: =+IF([3]ARA!I3="","",[3]ARA!I3) -> 57.683743 | M16: =+IF([3]ARA!J3="","",[3]ARA!J3) -> 384978.52 | N16: =+'[1]Trim CM INICIAL_ECM'!J5 -> 67.457788 | O16: =+[2]anu!B3 -> 87.471178 | P16: 199502 | Q16: =+Q15+1 -> 2001
A17: =VALUE("1/"&C17&"/"&B17) -> 34759 | B17: =LEFT(D17,4) -> 1995 | C17: 3 | D17: 199503 | E17: =+IF([3]ARA!B4="","",[3]ARA!B4) -> 388516.1 | F17: =+IF([3]ARA!C4="","",[3]ARA!C4) | G17: =+IF([3]ARA!D4="","",[3]ARA!D4) | H17: =+IF([3]ARA!E4="","",[3]ARA!E4) -> 93.833286 | I17: =+IF([3]ARA!F4="","",[3]ARA!F4) -> 222793.77 | J17: =+IF([3]ARA!G4="","",[3]ARA!G4) | K17: =+IF([3]ARA!H4="","",[3]ARA!H4) -> 1724.2612 | L17: =+IF([3]ARA!I4="","",[3]ARA!I4) -> 58.087529 | M17: =+IF([3]ARA!J4="","",[3]ARA!J4) -> 388516.1 | N17: =+'[1]Trim CM INICIAL_ECM'!J6 -> 67.756519 | O17: =+[2]anu!B4 -> 90.579301 | P17: 199503 | Q17: =+Q16+1 -> 2002
A18: =VALUE("1/"&C18&"/"&B18) -> 34790 | B18: =LEFT(D18,4) -> 1995 | C18: 4 | D18: 199504 | E18: =+IF([3]ARA!B5="","",[3]ARA!B5) -> 388207.45 | F18: =+IF([3]ARA!C5="","",[3]ARA!C5) | G18: =+IF([3]ARA!D5="","",[3]ARA!D5) | H18: =+IF([3]ARA!E5="","",[3]ARA!E5) -> 78.724459 | I18: =+IF([3]ARA!F5="","",[3]ARA!F5) -> 261490.66 | J18: =+IF([3]ARA!G5="","",[3]ARA!G5) | K18: =+IF([3]ARA!H5="","",[3]ARA!H5) -> 1324.6243 | L18: =+IF([3]ARA!I5="","",[3]ARA!I5) -> 58.377967 | M18: =+IF([3]ARA!J5="","",[3]ARA!J5) -> 388207.45 | N18: =+'[1]Trim CM INICIAL_ECM'!J7 -> 68.269558 | O18: =+[2]anu!B5 -> 94.186666 | P18: 199504 | Q18: =+Q17+1 -> 2003
A19: =VALUE("1/"&C19&"/"&B19) -> 34820 | B19: =LEFT(D19,4) -> 1995 | C19: 5 | D19: 199505 | E19: =+IF([3]ARA!B6="","",[3]ARA!B6) -> 389927.06 | F19: =+IF([3]ARA!C6="","",[3]ARA!C6) | G19: =+IF([3]ARA!D6="","",[3]ARA!D6) | H19: =+IF([3]ARA!E6="","",[3]ARA!E6) -> 92.004407 | I19: =+IF([3]ARA!F6="","",[3]ARA!F6) -> 199465.99 | J19: =+IF([3]ARA!G6="","",[3]ARA!G6) | K19: =+IF([3]ARA!H6="","",[3]ARA!H6) -> 1491.3602 | L19: =+IF([3]ARA!I6="","",[3]ARA!I6) -> 58.494723 | M19: =+IF([3]ARA!J6="","",[3]ARA!J6) -> 389927.06 | N19: =+'[1]Trim CM INICIAL_ECM'!J8 -> 68.661842 | O19: =+[2]anu!B6 -> 97.421534 | P19: 199601 | Q19: =+Q18+1 -> 2004
A20: =VALUE("1/"&C20&"/"&B20) -> 34851 | B20: =LEFT(D20,4) -> 1995 | C20: 6 | D20: 199506 | E20: =+IF([3]ARA!B7="","",[3]ARA!B7) -> 392449.54 | F20: =+IF([3]ARA!C7="","",[3]ARA!C7) | G20: =+IF([3]ARA!D7="","",[3]ARA!D7) | H20: =+IF([3]ARA!E7="","",[3]ARA!E7) -> 92.163572 | I20: =+IF([3]ARA!F7="","",[3]ARA!F7) -> 209601.56 | J20: =+IF([3]ARA!G7="","",[3]ARA!G7) | K20: =+IF([3]ARA!H7="","",[3]ARA!H7) -> 1213.467 | L20: =+IF([3]ARA!I7="","",[3]ARA!I7) -> 58.494723 | M20: =+IF([3]ARA!J7="","",[3]ARA!J7) -> 392449.54 | N20: =+'[1]Trim CM INICIAL_ECM'!J9 -> 69.136714 | O20: =+[2]anu!B7 -> 100.69843 | P20: 199602 | Q20: =+Q19+1 -> 2005
A21: =VALUE("1/"&C21&"/"&B21) -> 34881 | B21: =LEFT(D21,4) -> 1995 | C21: 7 | D21: 199507 | E21: =+IF([3]ARA!B8="","",[3]ARA!B8) -> 397906.67 | F21: =+IF([3]ARA!C8="","",[3]ARA!C8) | G21: =+IF([3]ARA!D8="","",[3]ARA!D8) | H21: =+IF([3]ARA!E8="","",[3]ARA!E8) -> 86.914904 | I21: =+IF([3]ARA!F8="","",[3]ARA!F8) -> 246961.7 | J21: =+IF([3]ARA!G8="","",[3]ARA!G8) | K21: =+IF([3]ARA!H8="","",[3]ARA!H8) -> 1353.7369 | L21: =+IF([3]ARA!I8="","",[3]ARA!I8) -> 58.553218 | M21: =+IF([3]ARA!J8="","",[3]ARA!J8) -> 397906.67 | N21: =+'[1]Trim CM INICIAL_ECM'!J10 -> 69.703856 | O21: =+[2]anu!B8 -> 104.7389 | P21: 199603 | Q21: =+Q20+1 -> 2006
A22: =VALUE("1/"&C22&"/"&B22) -> 34912 | B22: =LEFT(D22,4) -> 1995 | C22: 8 | D22: 199508 | E22: =+IF([3]ARA!B9="","",[3]ARA!B9) -> 399299.69 | F22: =+IF([3]ARA!C9="","",[3]ARA!C9) | G22: =+IF([3]ARA!D9="","",[3]ARA!D9) | H22: =+IF([3]ARA!E9="","",[3]ARA!E9) -> 48.984243 | I22: =+IF([3]ARA!F9="","",[3]ARA!F9) -> 349085.24 | J22: =+IF([3]ARA!G9="","",[3]ARA!G9) | K22: =+IF([3]ARA!H9="","",[3]ARA!H9) -> 1143.332 | L22: =+IF([3]ARA!I9="","",[3]ARA!I9) -> 58.845984 | M22: =+IF([3]ARA!J9="","",[3]ARA!J9) -> 399299.69 | N22: =+'[1]Trim CM INICIAL_ECM'!J11 -> 70.050606 | O22: =+[2]anu!B9 -> 108.3741 | P22: 199604 | Q22: =+Q21+1 -> 2007
A23: =VALUE("1/"&C23&"/"&B23) -> 34943 | B23: =LEFT(D23,4) -> 1995 | C23: 9 | D23: 199509 | E23: =+IF([3]ARA!B10="","",[3]ARA!B10) -> 395263.72 | F23: =+IF([3]ARA!C10="","",[3]ARA!C10) | G23: =+IF([3]ARA!D10="","",[3]ARA!D10) | H23: =+IF([3]ARA!E10="","",[3]ARA!E10) -> 86.279199 | I23: =+IF([3]ARA!F10="","",[3]ARA!F10) -> 252026.35 | J23: =+IF([3]ARA!G10="","",[3]ARA!G10) | K23: =+IF([3]ARA!H10="","",[3]ARA!H10) -> 1332.5641 | L23: =+IF([3]ARA!I10="","",[3]ARA!I10) -> 59.140214 | M23: =+IF([3]ARA!J10="","",[3]ARA!J10) -> 395263.72 | N23: =+'[1]Trim CM INICIAL_ECM'!J12 -> 70.749209 | O23: =+[2]anu!B10 -> 108.48215 | P23: 199701 | Q23: =+Q22+1 -> 2008
A24: =VALUE("1/"&C24&"/"&B24) -> 34973 | B24: =LEFT(D24,4) -> 1995 | C24: 10 | D24: 199510 | E24: =+IF([3]ARA!B11="","",[3]ARA!B11) -> 391590.02 | F24: =+IF([3]ARA!C11="","",[3]ARA!C11) | G24: =+IF([3]ARA!D11="","",[3]ARA!D11) | H24: =+IF([3]ARA!E11="","",[3]ARA!E11) -> 87.312537 | I24: =+IF([3]ARA!F11="","",[3]ARA!F11) -> 209035.56 | J24: =+IF([3]ARA!G11="","",[3]ARA!G11) | K24: =+IF([3]ARA!H11="","",[3]ARA!H11) -> 1353.7369 | L24: =+IF([3]ARA!I11="","",[3]ARA!I11) -> 59.258494 | M24: =+IF([3]ARA!J11="","",[3]ARA!J11) -> 391590.02 | N24: =+'[1]Trim CM INICIAL_ECM'!J13 -> 71.387254 | O24: =+[2]anu!B11 -> 104.02309 | P24: 199702 | Q24: =+Q23+1 -> 2009
A25: =VALUE("1/"&C25&"/"&B25) -> 35004 | B25: =LEFT(D25,4) -> 1995 | C25: 11 | D25: 199511 | E25: =+IF([3]ARA!B12="","",[3]ARA!B12) -> 391062.7 | F25: =+IF([3]ARA!C12="","",[3]ARA!C12) | G25: =+IF([3]ARA!D12="","",[3]ARA!D12) | H25: =+IF([3]ARA!E12="","",[3]ARA!E12) -> 89.618754 | I25: =+IF([3]ARA!F12="","",[3]ARA!F12) -> 143648.13 | J25: =+IF([3]ARA!G12="","",[3]ARA!G12) | K25: =+IF([3]ARA!H12="","",[3]ARA!H12) -> 838.97282 | L25: =+IF([3]ARA!I12="","",[3]ARA!I12) -> 59.495528 | M25: =+IF([3]ARA!J12="","",[3]ARA!J12) -> 391062.7 | N25: =+'[1]Trim CM INICIAL_ECM'!J14 -> 72.179702 | O25: =+[2]anu!B12 -> 102.64082 | P25: 199703 | Q25: =+Q24+1 -> 2010
A26: =VALUE("1/"&C26&"/"&B26) -> 35034 | B26: =LEFT(D26,4) -> 1995 | C26: 12 | D26: 199512 | E26: =+IF([3]ARA!B13="","",[3]ARA!B13) -> 392322.22 | F26: =+IF([3]ARA!C13="","",[3]ARA!C13) | G26: =+IF([3]ARA!D13="","",[3]ARA!D13) | H26: =+IF([3]ARA!E13="","",[3]ARA!E13) -> 75.464583 | I26: =+IF([3]ARA!F13="","",[3]ARA!F13) -> 139223.74 | J26: =+IF([3]ARA!G13="","",[3]ARA!G13) | K26: =+IF([3]ARA!H13="","",[3]ARA!H13) -> 1152.5951 | L26: =+IF([3]ARA!I13="","",[3]ARA!I13) -> 59.555024 | M26: =+IF([3]ARA!J13="","",[3]ARA!J13) -> 392322.22 | N26: =+'[1]Trim CM INICIAL_ECM'!J15 -> 73.193535 | O26: =+[2]anu!B13 -> 102.3609 | P26: 199704 | Q26: =+Q25+1 -> 2011
A27: =VALUE("1/"&C27&"/"&B27) -> 35065 | B27: =LEFT(D27,4) -> 1996 | C27: 1 | D27: 199601 | E27: =+IF([3]ARA!B14="","",[3]ARA!B14) -> 385920.97 | F27: =+IF([3]ARA!C14="","",[3]ARA!C14) | G27: =+IF([3]ARA!D14="","",[3]ARA!D14) | H27: =+IF([3]ARA!E14="","",[3]ARA!E14) -> 85.165856 | I27: =+IF([3]ARA!F14="","",[3]ARA!F14) -> 162577.25 | J27: =+IF([3]ARA!G14="","",[3]ARA!G14) | K27: =+IF([3]ARA!H14="","",[3]ARA!H14) -> 1533.7058 | L27: =+IF([3]ARA!I14="","",[3]ARA!I14) -> 59.793244 | M27: =+IF([3]ARA!J14="","",[3]ARA!J14) -> 385920.97 | N27: =+'[1]Trim CM INICIAL_ECM'!J16 -> 73.809914 | O27: =+[2]anu!B14 -> 98.790917 | P27: 199801 | Q27: =+Q26+1 -> 2012
... A45: =VALUE("1/"&C45&"/"&B45) -> 35612 | B45: =LEFT(D45,4) -> 1997 | C45: 7 | D45: 199707 | E45: =+IF([3]ARA!B32="","",[3]ARA!B32) -> 416343.17 | F45: =+IF([3]ARA!C32="","",[3]ARA!C32) | G45: =+IF([3]ARA!D32="","",[3]ARA!D32) | H45: =+IF([3]ARA!E32="","",[3]ARA!E32) -> 101.54651 | I45: =+IF([3]ARA!F32="","",[3]ARA!F32) -> 316037.42 | J45: =+IF([3]ARA!G32="","",[3]ARA!G32) -> 84203 | K45: =+IF([3]ARA!H32="","",[3]ARA!H32) -> 1374.9097 | L45: =+IF([3]ARA!I32="","",[3]ARA!I32) -> 61.979268 | M45: =+IF([3]ARA!J32="","",[3]ARA!J32) -> 416343.17 | N45: =+'[1]Trim CM INICIAL_ECM'!J34 -> 88.1866 | O45: =+[2]anu!B32 -> 133.35611 | P45: 200203 | Q45: =+Q44+1 -> 2030
A46: =VALUE("1/"&C46&"/"&B46) -> 35643 | B46: =LEFT(D46,4) -> 1997 | C46: 8 | D46: 199708 | E46: =+IF([3]ARA!B33="","",[3]ARA!B33) -> 418074.07 | F46: =+IF([3]ARA!C33="","",[3]ARA!C33) | G46: =+IF([3]ARA!D33="","",[3]ARA!D33) | H46: =+IF([3]ARA!E33="","",[3]ARA!E33) -> 54.550634 | I46: =+IF([3]ARA!F33="","",[3]ARA!F33) -> 457071.73 | J46: =+IF([3]ARA!G33="","",[3]ARA!G33) -> 58466 | K46: =+IF([3]ARA!H33="","",[3]ARA!H33) -> 1262.4291 | L46: =+IF([3]ARA!I33="","",[3]ARA!I33) -> 62.289165 | M46: =+IF([3]ARA!J33="","",[3]ARA!J33) -> 418074.07 | N46: =+'[1]Trim CM INICIAL_ECM'!J35 -> 88.87513 | P46: 200204
A47: =VALUE("1/"&C47&"/"&B47) -> 35674 | B47: =LEFT(D47,4) -> 1997 | C47: 9 | D47: 199709 | E47: =+IF([3]ARA!B34="","",[3]ARA!B34) -> 414444.83 | F47: =+IF([3]ARA!C34="","",[3]ARA!C34) | G47: =+IF([3]ARA!D34="","",[3]ARA!D34) | H47: =+IF([3]ARA!E34="","",[3]ARA!E34) -> 99.479518 | I47: =+IF([3]ARA!F34="","",[3]ARA!F34) -> 271311 | J47: =+IF([3]ARA!G34="","",[3]ARA!G34) -> 65210 | K47: =+IF([3]ARA!H34="","",[3]ARA!H34) -> 1426.5184 | L47: =+IF([3]ARA!I34="","",[3]ARA!I34) -> 62.60061 | M47: =+IF([3]ARA!J34="","",[3]ARA!J34) -> 414444.83 | N47: =+'[1]Trim CM INICIAL_ECM'!J36 -> 89.731812 | P47: 200301
A48: =VALUE("1/"&C48&"/"&B48) -> 35704 | B48: =LEFT(D48,4) -> 1997 | C48: 10 | D48: 199710 | E48: =+IF([3]ARA!B35="","",[3]ARA!B35) -> 412715.14 | F48: =+IF([3]ARA!C35="","",[3]ARA!C35) | G48: =+IF([3]ARA!D35="","",[3]ARA!D35) | H48: =+IF([3]ARA!E35="","",[3]ARA!E35) -> 106.87436 | I48: =+IF([3]ARA!F35="","",[3]ARA!F35) -> 214437.49 | J48: =+IF([3]ARA!G35="","",[3]ARA!G35) -> 72051 | K48: =+IF([3]ARA!H35="","",[3]ARA!H35) -> 1746.7573 | L48: =+IF([3]ARA!I35="","",[3]ARA!I35) -> 62.60061 | M48: =+IF([3]ARA!J35="","",[3]ARA!J35) -> 412715.14 | N48: =+'[1]Trim CM INICIAL_ECM'!J37 -> 90.07568 | P48: 200302
A49: =VALUE("1/"&C49&"/"&B49) -> 35735 | B49: =LEFT(D49,4) -> 1997 | C49: 11 | D49: 199711 | E49: =+IF([3]ARA!B36="","",[3]ARA!B36) -> 413719.93 | F49: =+IF([3]ARA!C36="","",[3]ARA!C36) | G49: =+IF([3]ARA!D36="","",[3]ARA!D36) | H49: =+IF([3]ARA!E36="","",[3]ARA!E36) -> 98.445446 | I49: =+IF([3]ARA!F36="","",[3]ARA!F36) -> 140367.74 | J49: =+IF([3]ARA!G36="","",[3]ARA!G36) -> 78174 | K49: =+IF([3]ARA!H36="","",[3]ARA!H36) -> 1762.6369 | L49: =+IF([3]ARA!I36="","",[3]ARA!I36) -> 62.60061 | M49: =+IF([3]ARA!J36="","",[3]ARA!J36) -> 413719.93 | N49: =+'[1]Trim CM INICIAL_ECM'!J38 -> 90.746529 | P49: 200303
A50: =VALUE("1/"&C50&"/"&B50) -> 35765 | B50: =LEFT(D50,4) -> 1997 | C50: 12 | D50: 199712 | E50: =+IF([3]ARA!B37="","",[3]ARA!B37) -> 413451.63 | F50: =+IF([3]ARA!C37="","",[3]ARA!C37) | G50: =+IF([3]ARA!D37="","",[3]ARA!D37) | H50: =+IF([3]ARA!E37="","",[3]ARA!E37) -> 87.55164 | I50: =+IF([3]ARA!F37="","",[3]ARA!F37) -> 181977.09 | J50: =+IF([3]ARA!G37="","",[3]ARA!G37) -> 84467 | K50: =+IF([3]ARA!H37="","",[3]ARA!H37) -> 1642.2165 | L50: =+IF([3]ARA!I37="","",[3]ARA!I37) -> 62.788412 | M50: =+IF([3]ARA!J37="","",[3]ARA!J37) -> 413451.63 | N50: =+'[1]Trim CM INICIAL_ECM'!J39 -> 91.507449 | P50: 200304
A51: =VALUE("1/"&C51&"/"&B51) -> 35796 | B51: =LEFT(D51,4) -> 1998 | C51: 1 | D51: 199801 | E51: =+IF([3]ARA!B38="","",[3]ARA!B38) -> 409457.79 | F51: =+IF([3]ARA!C38="","",[3]ARA!C38) | G51: =+IF([3]ARA!D38="","",[3]ARA!D38) | H51: =+IF([3]ARA!E38="","",[3]ARA!E38) -> 92.87929 | I51: =+IF([3]ARA!F38="","",[3]ARA!F38) -> 217915.51 | J51: =+IF([3]ARA!G38="","",[3]ARA!G38) -> 97362 | K51: =+IF([3]ARA!H38="","",[3]ARA!H38) -> 1499.3 | L51: =+IF([3]ARA!I38="","",[3]ARA!I38) -> 62.913989 | M51: =+IF([3]ARA!J38="","",[3]ARA!J38) -> 409457.79 | N51: =+'[1]Trim CM INICIAL_ECM'!J40 -> 92.042783 | P51: 200401
A52: =VALUE("1/"&C52&"/"&B52) -> 35827 | B52: =LEFT(D52,4) -> 1998 | C52: 2 | D52: 199802 | E52: =+IF([3]ARA!B39="","",[3]ARA!B39) -> 413391.26 | F52: =+IF([3]ARA!C39="","",[3]ARA!C39) | G52: =+IF([3]ARA!D39="","",[3]ARA!D39) | H52: =+IF([3]ARA!E39="","",[3]ARA!E39) -> 96.616192 | I52: =+IF([3]ARA!F39="","",[3]ARA!F39) -> 244997.24 | J52: =+IF([3]ARA!G39="","",[3]ARA!G39) -> 97501 | K52: =+IF([3]ARA!H39="","",[3]ARA!H39) -> 1586.6379 | L52: =+IF([3]ARA!I39="","",[3]ARA!I39) -> 62.536505 | M52: =+IF([3]ARA!J39="","",[3]ARA!J39) -> 413391.26 | N52: =+'[1]Trim CM INICIAL_ECM'!J41 -> 93.020239 | P52: 200402
A53: =VALUE("1/"&C53&"/"&B53) -> 35855 | B53: =LEFT(D53,4) -> 1998 | C53: 3 | D53: 199803 | E53: =+IF([3]ARA!B40="","",[3]ARA!B40) -> 417684.36 | F53: =+IF([3]ARA!C40="","",[3]ARA!C40) | G53: =+IF([3]ARA!D40="","",[3]ARA!D40) | H53: =+IF([3]ARA!E40="","",[3]ARA!E40) -> 103.1371 | I53: =+IF([3]ARA!F40="","",[3]ARA!F40) -> 252225.65 | J53: =+IF([3]ARA!G40="","",[3]ARA!G40) -> 100780 | K53: =+IF([3]ARA!H40="","",[3]ARA!H40) -> 1840.7117 | L53: =+IF([3]ARA!I40="","",[3]ARA!I40) -> 62.411432 | M53: =+IF([3]ARA!J40="","",[3]ARA!J40) -> 417684.36 | N53: =+'[1]Trim CM INICIAL_ECM'!J42 -> 93.804639 | P53: 200403
A54: =VALUE("1/"&C54&"/"&B54) -> 35886 | B54: =LEFT(D54,4) -> 1998 | C54: 4 | D54: 199804 | E54: =+IF([3]ARA!B41="","",[3]ARA!B41) -> 418339.7 | F54: =+IF([3]ARA!C41="","",[3]ARA!C41) | G54: =+IF([3]ARA!D41="","",[3]ARA!D41) | H54: =+IF([3]ARA!E41="","",[3]ARA!E41) -> 96.139263 | I54: =+IF([3]ARA!F41="","",[3]ARA!F41) -> 253452.27 | J54: =+IF([3]ARA!G41="","",[3]ARA!G41) -> 89664 | K54: =+IF([3]ARA!H41="","",[3]ARA!H41) -> 1759.9903 | L54: =+IF([3]ARA!I41="","",[3]ARA!I41) -> 62.536255 | M54: =+IF([3]ARA!J41="","",[3]ARA!J41) -> 418339.7 | N54: =+'[1]Trim CM INICIAL_ECM'!J43 -> 94.47041 | P54: 200404
A55: =VALUE("1/"&C55&"/"&B55) -> 35916 | B55: =LEFT(D55,4) -> 1998 | C55: 5 | D55: 199805 | E55: =+IF([3]ARA!B42="","",[3]ARA!B42) -> 421773.05 | F55: =+IF([3]ARA!C42="","",[3]ARA!C42) | G55: =+IF([3]ARA!D42="","",[3]ARA!D42) | H55: =+IF([3]ARA!E42="","",[3]ARA!E42) -> 100.91062 | I55: =+IF([3]ARA!F42="","",[3]ARA!F42) -> 234351.94 | J55: =+IF([3]ARA!G42="","",[3]ARA!G42) -> 80149 | K55: =+IF([3]ARA!H42="","",[3]ARA!H42) -> 1713.6748 | L55: =+IF([3]ARA!I42="","",[3]ARA!I42) -> 62.598791 | M55: =+IF([3]ARA!J42="","",[3]ARA!J42) -> 421773.05 | N55: =+'[1]Trim CM INICIAL_ECM'!J44 -> 95.314485 | P55: 200501
A56: =VALUE("1/"&C56&"/"&B56) -> 35947 | B56: =LEFT(D56,4) -> 1998 | C56: 6 | D56: 199806 | E56: =+IF([3]ARA!B43="","",[3]ARA!B43) -> 426100.2 | F56: =+IF([3]ARA!C43="","",[3]ARA!C43) | G56: =+IF([3]ARA!D43="","",[3]ARA!D43) | H56: =+IF([3]ARA!E43="","",[3]ARA!E43) -> 106.71572 | I56: =+IF([3]ARA!F43="","",[3]ARA!F43) -> 225084.36 | J56: =+IF([3]ARA!G43="","",[3]ARA!G43) -> 84398 | K56: =+IF([3]ARA!H43="","",[3]ARA!H43) -> 2084.199 | L56: =+IF([3]ARA!I43="","",[3]ARA!I43) -> 62.66139 | M56: =+IF([3]ARA!J43="","",[3]ARA!J43) -> 426100.2 | N56: =+'[1]Trim CM INICIAL_ECM'!J45 -> 96.160515 | P56: 200502
A57: =VALUE("1/"&C57&"/"&B57) -> 35977 | B57: =LEFT(D57,4) -> 1998 | C57: 7 | D57: 199807 | E57: =+IF([3]ARA!B44="","",[3]ARA!B44) -> 432037.05 | F57: =+IF([3]ARA!C44="","",[3]ARA!C44) | G57: =+IF([3]ARA!D44="","",[3]ARA!D44) | H57: =+IF([3]ARA!E44="","",[3]ARA!E44) -> 107.90807 | I57: =+IF([3]ARA!F44="","",[3]ARA!F44) -> 351161.07 | J57: =+IF([3]ARA!G44="","",[3]ARA!G44) -> 91898 | K57: =+IF([3]ARA!H44="","",[3]ARA!H44) -> 1147.3019 | L57: =+IF([3]ARA!I44="","",[3]ARA!I44) -> 63.037358 | M57: =+IF([3]ARA!J44="","",[3]ARA!J44) -> 432037.05 | N57: =+'[1]Trim CM INICIAL_ECM'!J46 -> 97.081208 | P57: 200503
... A115: =VALUE("1/"&C115&"/"&B115) -> 37742 | B115: =LEFT(D115,4) -> 2003 | C115: 5 | D115: 200305 | E115: =+IF([3]ARA!B102="","",[3]ARA!B102) -> 496151.8 | F115: =+IF([3]ARA!C102="","",[3]ARA!C102) | G115: =+IF([3]ARA!D102="","",[3]ARA!D102) -> 113.531 | H115: =+IF([3]ARA!E102="","",[3]ARA!E102) -> 118.045 | I115: =+IF([3]ARA!F102="","",[3]ARA!F102) -> 315789 | J115: =+IF([3]ARA!G102="","",[3]ARA!G102) -> 125115 | K115: =+IF([3]ARA!H102="","",[3]ARA!H102) -> 2579 | L115: =+IF([3]ARA!I102="","",[3]ARA!I102) -> 73.518 | M115: =+IF([3]ARA!J102="","",[3]ARA!J102) -> 496151.8 | N115: =+'[1]Trim CM INICIAL_ECM'!J104 -> 107.10463 | P115: 202001
D116: 200306 | E116: =+IF([3]ARA!B103="","",[3]ARA!B103) -> 499678.59 | F116: =+IF([3]ARA!C103="","",[3]ARA!C103) | G116: =+IF([3]ARA!D103="","",[3]ARA!D103) -> 107.554 | H116: =+IF([3]ARA!E103="","",[3]ARA!E103) -> 119.829 | I116: =+IF([3]ARA!F103="","",[3]ARA!F103) -> 315356 | J116: =+IF([3]ARA!G103="","",[3]ARA!G103) -> 120138 | K116: =+IF([3]ARA!H103="","",[3]ARA!H103) -> 1861 | L116: =+IF([3]ARA!I103="","",[3]ARA!I103) -> 73.465 | M116: =+IF([3]ARA!J103="","",[3]ARA!J103) -> 499678.59 | N116: =+'[1]Trim CM INICIAL_ECM'!J105 -> 88.050276 | P116: 202002
D117: 200307 | E117: =+IF([3]ARA!B104="","",[3]ARA!B104) -> 506629.52 | F117: =+IF([3]ARA!C104="","",[3]ARA!C104) | G117: =+IF([3]ARA!D104="","",[3]ARA!D104) -> 120.372 | H117: =+IF([3]ARA!E104="","",[3]ARA!E104) -> 124.703 | I117: =+IF([3]ARA!F104="","",[3]ARA!F104) -> 408146 | J117: =+IF([3]ARA!G104="","",[3]ARA!G104) -> 132949 | K117: =+IF([3]ARA!H104="","",[3]ARA!H104) -> 2088 | L117: =+IF([3]ARA!I104="","",[3]ARA!I104) -> 73.026 | M117: =+IF([3]ARA!J104="","",[3]ARA!J104) -> 506629.52 | N117: =+'[1]Trim CM INICIAL_ECM'!J106 -> 102.0523 | P117: 202003
D118: 200308 | E118: =+IF([3]ARA!B105="","",[3]ARA!B105) -> 504639.6 | F118: =+IF([3]ARA!C105="","",[3]ARA!C105) | G118: =+IF([3]ARA!D105="","",[3]ARA!D105) -> 99.05 | H118: =+IF([3]ARA!E105="","",[3]ARA!E105) -> 77.27 | I118: =+IF([3]ARA!F105="","",[3]ARA!F105) -> 562641 | J118: =+IF([3]ARA!G105="","",[3]ARA!G105) -> 112231 | K118: =+IF([3]ARA!H105="","",[3]ARA!H105) -> 1961 | L118: =+IF([3]ARA!I105="","",[3]ARA!I105) -> 73.446 | M118: =+IF([3]ARA!J105="","",[3]ARA!J105) -> 504639.6 | N118: =+'[1]Trim CM INICIAL_ECM'!J107 -> 102.79279 | P118: 202004
D119: 200309 | E119: =+IF([3]ARA!B106="","",[3]ARA!B106) -> 503351.19 | F119: =+IF([3]ARA!C106="","",[3]ARA!C106) | G119: =+IF([3]ARA!D106="","",[3]ARA!D106) -> 110.73 | H119: =+IF([3]ARA!E106="","",[3]ARA!E106) -> 122.325 | I119: =+IF([3]ARA!F106="","",[3]ARA!F106) -> 363375 | J119: =+IF([3]ARA!G106="","",[3]ARA!G106) -> 125408 | K119: =+IF([3]ARA!H106="","",[3]ARA!H106) -> 2391 | L119: =+IF([3]ARA!I106="","",[3]ARA!I106) -> 73.678 | M119: =+IF([3]ARA!J106="","",[3]ARA!J106) -> 503351.19 | N119: =+'[1]Trim CM INICIAL_ECM'!J108 -> 104.02811 | P119: 202101
D120: 200310 | E120: =+IF([3]ARA!B107="","",[3]ARA!B107) -> 500208.44 | F120: =+IF([3]ARA!C107="","",[3]ARA!C107) | G120: =+IF([3]ARA!D107="","",[3]ARA!D107) -> 119.446 | H120: =+IF([3]ARA!E107="","",[3]ARA!E107) -> 127.793 | I120: =+IF([3]ARA!F107="","",[3]ARA!F107) -> 307062 | J120: =+IF([3]ARA!G107="","",[3]ARA!G107) -> 144527 | K120: =+IF([3]ARA!H107="","",[3]ARA!H107) -> 2232 | L120: =+IF([3]ARA!I107="","",[3]ARA!I107) -> 74.196 | M120: =+IF([3]ARA!J107="","",[3]ARA!J107) -> 500208.44 | N120: =+'[1]Trim CM INICIAL_ECM'!J109 -> 105.45424 | P120: 202102
D121: 200311 | E121: =+IF([3]ARA!B108="","",[3]ARA!B108) -> 504044.67 | F121: =+IF([3]ARA!C108="","",[3]ARA!C108) | G121: =+IF([3]ARA!D108="","",[3]ARA!D108) -> 109.48 | H121: =+IF([3]ARA!E108="","",[3]ARA!E108) -> 120.066 | I121: =+IF([3]ARA!F108="","",[3]ARA!F108) -> 217126 | J121: =+IF([3]ARA!G108="","",[3]ARA!G108) -> 132505 | K121: =+IF([3]ARA!H108="","",[3]ARA!H108) -> 1746 | L121: =+IF([3]ARA!I108="","",[3]ARA!I108) -> 74.405 | M121: =+IF([3]ARA!J108="","",[3]ARA!J108) -> 504044.67 | N121: =+'[1]Trim CM INICIAL_ECM'!J110 -> 107.53285 | P121: 202103
D122: 200312 | E122: =+IF([3]ARA!B109="","",[3]ARA!B109) -> 502773.68 | F122: =+IF([3]ARA!C109="","",[3]ARA!C109) | G122: =+IF([3]ARA!D109="","",[3]ARA!D109) -> 140.487 | H122: =+IF([3]ARA!E109="","",[3]ARA!E109) -> 113.528 | I122: =+IF([3]ARA!F109="","",[3]ARA!F109) -> 279345 | J122: =+IF([3]ARA!G109="","",[3]ARA!G109) -> 152421 | K122: =+IF([3]ARA!H109="","",[3]ARA!H109) -> 1507 | L122: =+IF([3]ARA!I109="","",[3]ARA!I109) -> 74.39 | M122: =+IF([3]ARA!J109="","",[3]ARA!J109) -> 502773.68 | N122: =+'[1]Trim CM INICIAL_ECM'!J111 -> 109.71738 | P122: 202104
D123: 200401 | E123: =+IF([3]ARA!B110="","",[3]ARA!B110) -> 499433 | F123: =+IF([3]ARA!C110="","",[3]ARA!C110) | G123: =+IF([3]ARA!D110="","",[3]ARA!D110) -> 119.295 | H123: =+IF([3]ARA!E110="","",[3]ARA!E110) -> 107.703 | I123: =+IF([3]ARA!F110="","",[3]ARA!F110) -> 293560 | J123: =+IF([3]ARA!G110="","",[3]ARA!G110) -> 140951 | K123: =+IF([3]ARA!H110="","",[3]ARA!H110) -> 1978 | L123: =+IF([3]ARA!I110="","",[3]ARA!I110) -> 73.783 | M123: =+IF([3]ARA!J110="","",[3]ARA!J110) -> 499433 | N123: =+'[1]Trim CM INICIAL_ECM'!J112 -> 111.44189 | P123: 202201
D124: 200402 | E124: =+IF([3]ARA!B111="","",[3]ARA!B111) -> 504045 | F124: =+IF([3]ARA!C111="","",[3]ARA!C111) | G124: =+IF([3]ARA!D111="","",[3]ARA!D111) -> 105.73 | H124: =+IF([3]ARA!E111="","",[3]ARA!E111) -> 118.521 | I124: =+IF([3]ARA!F111="","",[3]ARA!F111) -> 331157 | J124: =+IF([3]ARA!G111="","",[3]ARA!G111) -> 139435 | K124: =+IF([3]ARA!H111="","",[3]ARA!H111) -> 2467 | L124: =+IF([3]ARA!I111="","",[3]ARA!I111) -> 73.81 | M124: =+IF([3]ARA!J111="","",[3]ARA!J111) -> 504045 | N124: =+'[1]Trim CM INICIAL_ECM'!J113 -> 113.33779 | P124: 202202
D125: 200403 | E125: =+IF([3]ARA!B112="","",[3]ARA!B112) -> 506363 | F125: =+IF([3]ARA!C112="","",[3]ARA!C112) | G125: =+IF([3]ARA!D112="","",[3]ARA!D112) -> 112.899 | H125: =+IF([3]ARA!E112="","",[3]ARA!E112) -> 127.556 | I125: =+IF([3]ARA!F112="","",[3]ARA!F112) -> 334687 | J125: =+IF([3]ARA!G112="","",[3]ARA!G112) -> 149810 | K125: =+IF([3]ARA!H112="","",[3]ARA!H112) -> 2270 | L125: =+IF([3]ARA!I112="","",[3]ARA!I112) -> 74.32 | M125: =+IF([3]ARA!J112="","",[3]ARA!J112) -> 506363 | N125: =+'[1]Trim CM INICIAL_ECM'!J114 -> 114.26243 | P125: 202203
D126: 200404 | E126: =+IF([3]ARA!B113="","",[3]ARA!B113) -> 506330 | F126: =+IF([3]ARA!C113="","",[3]ARA!C113) | G126: =+IF([3]ARA!D113="","",[3]ARA!D113) -> 113.314 | H126: =+IF([3]ARA!E113="","",[3]ARA!E113) -> 116.143 | I126: =+IF([3]ARA!F113="","",[3]ARA!F113) -> 342320 | J126: =+IF([3]ARA!G113="","",[3]ARA!G113) -> 129567 | K126: =+IF([3]ARA!H113="","",[3]ARA!H113) -> 2382 | L126: =+IF([3]ARA!I113="","",[3]ARA!I113) -> 75.341 | M126: =+IF([3]ARA!J113="","",[3]ARA!J113) -> 506330 | N126: =+'[1]Trim CM INICIAL_ECM'!J115 -> 114.87482 | P126: 202204
D127: 200405 | E127: =+IF([3]ARA!B114="","",[3]ARA!B114) -> 509657 | F127: =+IF([3]ARA!C114="","",[3]ARA!C114) | G127: =+IF([3]ARA!D114="","",[3]ARA!D114) -> 114.045 | H127: =+IF([3]ARA!E114="","",[3]ARA!E114) -> 123.752 | I127: =+IF([3]ARA!F114="","",[3]ARA!F114) -> 288542 | J127: =+IF([3]ARA!G114="","",[3]ARA!G114) -> 121084 | K127: =+IF([3]ARA!H114="","",[3]ARA!H114) -> 2461 | L127: =+IF([3]ARA!I114="","",[3]ARA!I114) -> 75.735 | M127: =+IF([3]ARA!J114="","",[3]ARA!J114) -> 509657 | N127: =+'[1]Trim CM INICIAL_ECM'!J116 -> 115.46078 | P127: 202301
... D158: 200612 | E158: =+IF([3]ARA!B145="","",[3]ARA!B145) -> 569316 | F158: =+IF([3]ARA!C145="","",[3]ARA!C145) -> 126.17844 | G158: =+IF([3]ARA!D145="","",[3]ARA!D145) -> 149.692 | H158: =+IF([3]ARA!E145="","",[3]ARA!E145) -> 118.402 | I158: =+IF([3]ARA!F145="","",[3]ARA!F145) -> 314168 | J158: =+IF([3]ARA!G145="","",[3]ARA!G145) -> 162557 | K158: =+IF([3]ARA!H145="","",[3]ARA!H145) -> 2132 | L158: =+IF([3]ARA!I145="","",[3]ARA!I145) -> 81.991 | M158: =+IF([3]ARA!J145="","",[3]ARA!J145) -> 569316 | N158: =+'[1]Trim CM INICIAL_ECM'!J147 -> 135.47417 | P158: 203004
D159: 200701 | E159: =+IF([3]ARA!B146="","",[3]ARA!B146) -> 566943 | F159: =+IF([3]ARA!C146="","",[3]ARA!C146) -> 101.63994 | G159: =+IF([3]ARA!D146="","",[3]ARA!D146) -> 127.103 | H159: =+IF([3]ARA!E146="","",[3]ARA!E146) -> 131.835 | I159: =+IF([3]ARA!F146="","",[3]ARA!F146) -> 297455 | J159: =+IF([3]ARA!G146="","",[3]ARA!G146) -> 154979 | K159: =+IF([3]ARA!H146="","",[3]ARA!H146) -> 3361 | L159: =+IF([3]ARA!I146="","",[3]ARA!I146) -> 81.261 | M159: =+IF([3]ARA!J146="","",[3]ARA!J146) -> 566943
D160: 200702 | E160: =+IF([3]ARA!B147="","",[3]ARA!B147) -> 571352 | F160: =+IF([3]ARA!C147="","",[3]ARA!C147) -> 98.674369 | G160: =+IF([3]ARA!D147="","",[3]ARA!D147) -> 110.727 | H160: =+IF([3]ARA!E147="","",[3]ARA!E147) -> 133.381 | I160: =+IF([3]ARA!F147="","",[3]ARA!F147) -> 384920 | J160: =+IF([3]ARA!G147="","",[3]ARA!G147) -> 145486 | K160: =+IF([3]ARA!H147="","",[3]ARA!H147) -> 2950 | L160: =+IF([3]ARA!I147="","",[3]ARA!I147) -> 81.498 | M160: =+IF([3]ARA!J147="","",[3]ARA!J147) -> 571352
D161: 200703 | E161: =+IF([3]ARA!B148="","",[3]ARA!B148) -> 574623 | F161: =+IF([3]ARA!C148="","",[3]ARA!C148) -> 114.4209 | G161: =+IF([3]ARA!D148="","",[3]ARA!D148) -> 122.904 | H161: =+IF([3]ARA!E148="","",[3]ARA!E148) -> 145.268 | I161: =+IF([3]ARA!F148="","",[3]ARA!F148) -> 387411 | J161: =+IF([3]ARA!G148="","",[3]ARA!G148) -> 158894 | K161: =+IF([3]ARA!H148="","",[3]ARA!H148) -> 3301 | L161: =+IF([3]ARA!I148="","",[3]ARA!I148) -> 82.106 | M161: =+IF([3]ARA!J148="","",[3]ARA!J148) -> 574623
D162: 200704 | E162: =+IF([3]ARA!B149="","",[3]ARA!B149) -> 575658 | F162: =+IF([3]ARA!C149="","",[3]ARA!C149) -> 98.937038 | G162: =+IF([3]ARA!D149="","",[3]ARA!D149) -> 115.912 | H162: =+IF([3]ARA!E149="","",[3]ARA!E149) -> 128.744 | I162: =+IF([3]ARA!F149="","",[3]ARA!F149) -> 431569 | J162: =+IF([3]ARA!G149="","",[3]ARA!G149) -> 129341 | K162: =+IF([3]ARA!H149="","",[3]ARA!H149) -> 2578 | L162: =+IF([3]ARA!I149="","",[3]ARA!I149) -> 83.33 | M162: =+IF([3]ARA!J149="","",[3]ARA!J149) -> 575658
D163: 200705 | E163: =+IF([3]ARA!B150="","",[3]ARA!B150) -> 581553 | F163: =+IF([3]ARA!C150="","",[3]ARA!C150) -> 114.87999 | G163: =+IF([3]ARA!D150="","",[3]ARA!D150) -> 121.181 | H163: =+IF([3]ARA!E150="","",[3]ARA!E150) -> 149.667 | I163: =+IF([3]ARA!F150="","",[3]ARA!F150) -> 331859 | J163: =+IF([3]ARA!G150="","",[3]ARA!G150) -> 138858 | K163: =+IF([3]ARA!H150="","",[3]ARA!H150) -> 3470 | L163: =+IF([3]ARA!I150="","",[3]ARA!I150) -> 83.482 | M163: =+IF([3]ARA!J150="","",[3]ARA!J150) -> 581553
D164: 200706 | E164: =+IF([3]ARA!B151="","",[3]ARA!B151) -> 586177 | F164: =+IF([3]ARA!C151="","",[3]ARA!C151) -> 115.18573 | G164: =+IF([3]ARA!D151="","",[3]ARA!D151) -> 123.032 | H164: =+IF([3]ARA!E151="","",[3]ARA!E151) -> 145.031 | I164: =+IF([3]ARA!F151="","",[3]ARA!F151) -> 399786 | J164: =+IF([3]ARA!G151="","",[3]ARA!G151) -> 137394 | K164: =+IF([3]ARA!H151="","",[3]ARA!H151) -> 2754 | L164: =+IF([3]ARA!I151="","",[3]ARA!I151) -> 83.596 | M164: =+IF([3]ARA!J151="","",[3]ARA!J151) -> 586177
D165: 200707 | E165: =+IF([3]ARA!B152="","",[3]ARA!B152) -> 592010 | F165: =+IF([3]ARA!C152="","",[3]ARA!C152) -> 116.68497 | G165: =+IF([3]ARA!D152="","",[3]ARA!D152) -> 129.836 | H165: =+IF([3]ARA!E152="","",[3]ARA!E152) -> 141.345 | I165: =+IF([3]ARA!F152="","",[3]ARA!F152) -> 494506 | J165: =+IF([3]ARA!G152="","",[3]ARA!G152) -> 139492 | K165: =+IF([3]ARA!H152="","",[3]ARA!H152) -> 2848 | L165: =+IF([3]ARA!I152="","",[3]ARA!I152) -> 82.935 | M165: =+IF([3]ARA!J152="","",[3]ARA!J152) -> 592010
D166: 200708 | E166: =+IF([3]ARA!B153="","",[3]ARA!B153) -> 586494 | F166: =+IF([3]ARA!C153="","",[3]ARA!C153) -> 99.910132 | G166: =+IF([3]ARA!D153="","",[3]ARA!D153) -> 116.287 | H166: =+IF([3]ARA!E153="","",[3]ARA!E153) -> 92.724 | I166: =+IF([3]ARA!F153="","",[3]ARA!F153) -> 640241 | J166: =+IF([3]ARA!G153="","",[3]ARA!G153) -> 130904 | K166: =+IF([3]ARA!H153="","",[3]ARA!H153) -> 2810 | L166: =+IF([3]ARA!I153="","",[3]ARA!I153) -> 83.118 | M166: =+IF([3]ARA!J153="","",[3]ARA!J153) -> 586494
D167: 200709 | E167: =+IF([3]ARA!B154="","",[3]ARA!B154) -> 585361 | F167: =+IF([3]ARA!C154="","",[3]ARA!C154) -> 108.51935 | G167: =+IF([3]ARA!D154="","",[3]ARA!D154) -> 117.626 | H167: =+IF([3]ARA!E154="","",[3]ARA!E154) -> 131.716 | I167: =+IF([3]ARA!F154="","",[3]ARA!F154) -> 445055 | J167: =+IF([3]ARA!G154="","",[3]ARA!G154) -> 119696 | K167: =+IF([3]ARA!H154="","",[3]ARA!H154) -> 2254 | L167: =+IF([3]ARA!I154="","",[3]ARA!I154) -> 83.367 | M167: =+IF([3]ARA!J154="","",[3]ARA!J154) -> 585361
D168: 200710 | E168: =+IF([3]ARA!B155="","",[3]ARA!B155) -> 589740 | F168: =+IF([3]ARA!C155="","",[3]ARA!C155) -> 118.9229 | G168: =+IF([3]ARA!D155="","",[3]ARA!D155) -> 125.018 | H168: =+IF([3]ARA!E155="","",[3]ARA!E155) -> 141.108 | I168: =+IF([3]ARA!F155="","",[3]ARA!F155) -> 435450 | J168: =+IF([3]ARA!G155="","",[3]ARA!G155) -> 159930 | K168: =+IF([3]ARA!H155="","",[3]ARA!H155) -> 2376 | L168: =+IF([3]ARA!I155="","",[3]ARA!I155) -> 84.693 | M168: =+IF([3]ARA!J155="","",[3]ARA!J155) -> 589740
D169: 200711 | E169: =+IF([3]ARA!B156="","",[3]ARA!B156) -> 592446 | F169: =+IF([3]ARA!C156="","",[3]ARA!C156) -> 114.30022 | G169: =+IF([3]ARA!D156="","",[3]ARA!D156) -> 119.844 | H169: =+IF([3]ARA!E156="","",[3]ARA!E156) -> 139.324 | I169: =+IF([3]ARA!F156="","",[3]ARA!F156) -> 328961 | J169: =+IF([3]ARA!G156="","",[3]ARA!G156) -> 161782 | K169: =+IF([3]ARA!H156="","",[3]ARA!H156) -> 2812 | L169: =+IF([3]ARA!I156="","",[3]ARA!I156) -> 85.301 | M169: =+IF([3]ARA!J156="","",[3]ARA!J156) -> 592446
D170: 200712 | E170: =+IF([3]ARA!B157="","",[3]ARA!B157) -> 593082 | F170: =+IF([3]ARA!C157="","",[3]ARA!C157) -> 127.06954 | G170: =+IF([3]ARA!D157="","",[3]ARA!D157) -> 147.95 | H170: =+IF([3]ARA!E157="","",[3]ARA!E157) -> 112.934 | I170: =+IF([3]ARA!F157="","",[3]ARA!F157) -> 364729 | J170: =+IF([3]ARA!G157="","",[3]ARA!G157) -> 156427 | K170: =+IF([3]ARA!H157="","",[3]ARA!H157) -> 2310 | L170: =+IF([3]ARA!I157="","",[3]ARA!I157) -> 85.561 | M170: =+IF([3]ARA!J157="","",[3]ARA!J157) -> 593082
... D446: 203012 | E446: =+IF([3]ARA!B433="","",[3]ARA!B433) | F446: =+IF([3]ARA!C433="","",[3]ARA!C433) | G446: =+IF([3]ARA!D433="","",[3]ARA!D433) | H446: =+IF([3]ARA!E433="","",[3]ARA!E433) | I446: =+IF([3]ARA!F433="","",[3]ARA!F433) | J446: =+IF([3]ARA!G433="","",[3]ARA!G433) | K446: =+IF([3]ARA!H433="","",[3]ARA!H433) | L446: =+IF([3]ARA!I433="","",[3]ARA!I433) | M446: =+IF([3]ARA!J433="","",[3]ARA!J433)

Sheet AST
D1: Acrónimo | E1: AFI | F1: IAS | G1: ICM | H1: IPI | I1: PER | J1: GAS | K1: HIP | L1: IPC | M1: AFIE | N1: PIB | O1: PIB_CCAA
D2: SA | E2: 0 | F2: 0 | G2: 0 | H2: 0 | I2: 0 | J2: 0 | K2: 0 | L2: 0 | M2: 0 | N2: 0 | O2: 0
D3: DEF | E3: 1 | F3: 1 | G3: 1 | H3: 1 | I3: 1 | J3: 1 | K3: 1 | L3: 1 | M3: 1 | N3: 1 | O3: 1
D4: Serie | E4: afiliados | F4: creditos | G4: depositos | H4: consumo productos petro | I4: hipotecas | J4: indice actividad serviciios | K4: indice comercio al por menor | L4: indice comercio al por menor | M4: indice comercio al por menor | N4: PIB ESPAÑA | O4: PIB ccaa
D5: Enlaces y Deflactores
D6: Fecha INI MOD | E6: 34700 | F6: 34700 | G6: 34700 | H6: 34731 | I6: 34759 | J6: 34790 | K6: 34820 | L6: 34851 | M6: 34881 | N6: 34973 | O6: 35004
D7: Cod | E7: SC | F7: 190000m | G7: 229000cc.d | H7: 229000cc.d | I7: 229000cc.d | J7: 229000cc.d | K7: 229000cc.d | L7: 229000cc.d | M7: 229000cc.d | N7: 229000cc.d | O7: 229000cc.d
D8: Año | E8: 1995 | F8: 2005 | G8: 2001 | H8: 1995 | I8: 1995 | J8: 1997 | K8: 1995 | L8: 1995 | M8: 1995 | N8: 1995 | O8: 2000
D9: Freq | E9: 12 | F9: 12 | G9: 12 | H9: 12 | I9: 12 | J9: 12 | K9: 12 | L9: 12 | M9: 12 | N9: 4 | O9: 1
D10: Mes INI | E10: 8 | F10: 1 | G10: 1 | H10: 1 | I10: 1 | J10: 1 | K10: 1 | L10: 1 | M10: 1 | N10: 1 | O10: 0
D11: type | E11: 6 | F11: 6 | G11: 6 | H11: 6 | I11: 6 | J11: 6 | K11: 6 | L11: 6 | M11: 6 | N11: 2 | O11: 1
D12: dlg | E12: 1 | F12: 1 | G12: 1 | H12: 1 | I12: 1 | J12: 1 | K12: 1 | L12: 1 | M12: 1 | N12: 1 | O12: 1
D13: selector | E13: =+AND!E13 -> 1 | F13: =+AND!F13 -> 1 | G13: =+AND!G13 -> 1 | H13: =+AND!H13 -> 1 | I13: =+AND!I13 -> 1 | J13: =+AND!J13 -> 1 | K13: =+AND!K13 -> 1 | L13: =+AND!L13 -> 1 | ... O13: =+AND!O13 -> 1
A14: Posición de outlier---> | D14: outliers | E14: 0 | F14: 0 | G14: 0 | H14: 0 | I14: 0 | J14: 0 | K14: 0 | L14: 0 | M14: 0 | N14: 0 | O14: 0
A15: =VALUE("1/"&C15&"/"&B15) -> 34700 | B15: =LEFT(D15,4) -> 1995 | C15: 1 | D15: 199501 | E15: =+IF([3]AST!B2="","",[3]AST!B2) -> 299181.93 | F15: =+IF([3]AST!C2="","",[3]AST!C2) | G15: =+IF([3]AST!D2="","",[3]AST!D2) | H15: =+IF([3]AST!E2="","",[3]AST!E2) -> 101.25675 | I15: =+IF([3]AST!F2="","",[3]AST!F2) -> 38752.342 | J15: =+IF([3]AST!G2="","",[3]AST!G2) | K15: =+IF([3]AST!H2="","",[3]AST!H2) -> 1303.0942 | L15: =+IF([3]AST!I2="","",[3]AST!I2) -> 58.614219 | M15: =+IF([3]AST!J2="","",[3]AST!J2) -> 299181.93 | N15: =+'[1]Trim CM INICIAL_ECM'!J4 -> 67.016017 | O15: =+[2]anu!B2 -> 84.237632 | P15: 199501 | Q15: 2000
A16: =VALUE("1/"&C16&"/"&B16) -> 34731 | B16: =LEFT(D16,4) -> 1995 | C16: 2 | D16: 199502 | E16: =+IF([3]AST!B3="","",[3]AST!B3) -> 300302.78 | F16: =+IF([3]AST!C3="","",[3]AST!C3) | G16: =+IF([3]AST!D3="","",[3]AST!D3) | H16: =+IF([3]AST!E3="","",[3]AST!E3) -> 98.175941 | I16: =+IF([3]AST!F3="","",[3]AST!F3) -> 50328.496 | J16: =+IF([3]AST!G3="","",[3]AST!G3) | K16: =+IF([3]AST!H3="","",[3]AST!H3) -> 1101.3957 | L16: =+IF([3]AST!I3="","",[3]AST!I3) -> 59.024519 | M16: =+IF([3]AST!J3="","",[3]AST!J3) -> 300302.78 | N16: =+'[1]Trim CM INICIAL_ECM'!J5 -> 67.457788 | O16: =+[2]anu!B3 -> 87.471178 | P16: 199502 | Q16: =+Q15+1 -> 2001
A17: =VALUE("1/"&C17&"/"&B17) -> 34759 | B17: =LEFT(D17,4) -> 1995 | C17: 3 | D17: 199503 | E17: =+IF([3]AST!B4="","",[3]AST!B4) -> 303423.66 | F17: =+IF([3]AST!C4="","",[3]AST!C4) | G17: =+IF([3]AST!D4="","",[3]AST!D4) | H17: =+IF([3]AST!E4="","",[3]AST!E4) -> 111.52614 | I17: =+IF([3]AST!F4="","",[3]AST!F4) -> 54938.747 | J17: =+IF([3]AST!G4="","",[3]AST!G4) | K17: =+IF([3]AST!H4="","",[3]AST!H4) -> 944.92663 | L17: =+IF([3]AST!I4="","",[3]AST!I4) -> 59.319642 | M17: =+IF([3]AST!J4="","",[3]AST!J4) -> 303423.66 | N17: =+'[1]Trim CM INICIAL_ECM'!J6 -> 67.756519 | O17: =+[2]anu!B4 -> 90.579301 | P17: 199503 | Q17: =+Q16+1 -> 2002
A18: =VALUE("1/"&C18&"/"&B18) -> 34790 | B18: =LEFT(D18,4) -> 1995 | C18: 4 | D18: 199504 | E18: =+IF([3]AST!B5="","",[3]AST!B5) -> 302311.81 | F18: =+IF([3]AST!C5="","",[3]AST!C5) | G18: =+IF([3]AST!D5="","",[3]AST!D5) | H18: =+IF([3]AST!E5="","",[3]AST!E5) -> 101.25636 | I18: =+IF([3]AST!F5="","",[3]AST!F5) -> 96805.45 | J18: =+IF([3]AST!G5="","",[3]AST!G5) | K18: =+IF([3]AST!H5="","",[3]AST!H5) -> 869.13692 | L18: =+IF([3]AST!I5="","",[3]AST!I5) -> 59.734879 | M18: =+IF([3]AST!J5="","",[3]AST!J5) -> 302311.81 | N18: =+'[1]Trim CM INICIAL_ECM'!J7 -> 68.269558 | O18: =+[2]anu!B5 -> 94.186666 | P18: 199504 | Q18: =+Q17+1 -> 2003
A19: =VALUE("1/"&C19&"/"&B19) -> 34820 | B19: =LEFT(D19,4) -> 1995 | C19: 5 | D19: 199505 | E19: =+IF([3]AST!B6="","",[3]AST!B6) -> 302643.03 | F19: =+IF([3]AST!C6="","",[3]AST!C6) | G19: =+IF([3]AST!D6="","",[3]AST!D6) | H19: =+IF([3]AST!E6="","",[3]AST!E6) -> 114.29881 | I19: =+IF([3]AST!F6="","",[3]AST!F6) -> 83503.814 | J19: =+IF([3]AST!G6="","",[3]AST!G6) | K19: =+IF([3]AST!H6="","",[3]AST!H6) -> 1338.5442 | L19: =+IF([3]AST!I6="","",[3]AST!I6) -> 59.734879 | M19: =+IF([3]AST!J6="","",[3]AST!J6) -> 302643.03 | N19: =+'[1]Trim CM INICIAL_ECM'!J8 -> 68.661842 | O19: =+[2]anu!B6 -> 97.421534 | P19: 199601 | Q19: =+Q18+1 -> 2004
A20: =VALUE("1/"&C20&"/"&B20) -> 34851 | B20: =LEFT(D20,4) -> 1995 | C20: 6 | D20: 199506 | E20: =+IF([3]AST!B7="","",[3]AST!B7) -> 305323.44 | F20: =+IF([3]AST!C7="","",[3]AST!C7) | G20: =+IF([3]AST!D7="","",[3]AST!D7) | H20: =+IF([3]AST!E7="","",[3]AST!E7) -> 112.55302 | I20: =+IF([3]AST!F7="","",[3]AST!F7) -> 90522.719 | J20: =+IF([3]AST!G7="","",[3]AST!G7) | K20: =+IF([3]AST!H7="","",[3]AST!H7) -> 1041.4974 | L20: =+IF([3]AST!I7="","",[3]AST!I7) -> 59.675144 | M20: =+IF([3]AST!J7="","",[3]AST!J7) -> 305323.44 | N20: =+'[1]Trim CM INICIAL_ECM'!J9 -> 69.136714 | O20: =+[2]anu!B7 -> 100.69843 | P20: 199602 | Q20: =+Q19+1 -> 2005
A21: =VALUE("1/"&C21&"/"&B21) -> 34881 | B21: =LEFT(D21,4) -> 1995 | C21: 7 | D21: 199507 | E21: =+IF([3]AST!B8="","",[3]AST!B8) -> 306917.91 | F21: =+IF([3]AST!C8="","",[3]AST!C8) | G21: =+IF([3]AST!D8="","",[3]AST!D8) | H21: =+IF([3]AST!E8="","",[3]AST!E8) -> 99.715853 | I21: =+IF([3]AST!F8="","",[3]AST!F8) -> 150625.43 | J21: =+IF([3]AST!G8="","",[3]AST!G8) | K21: =+IF([3]AST!H8="","",[3]AST!H8) -> 988.93356 | L21: =+IF([3]AST!I8="","",[3]AST!I8) -> 59.675144 | M21: =+IF([3]AST!J8="","",[3]AST!J8) -> 306917.91 | N21: =+'[1]Trim CM INICIAL_ECM'!J10 -> 69.703856 | O21: =+[2]anu!B8 -> 104.7389 | P21: 199603 | Q21: =+Q20+1 -> 2006
A22: =VALUE("1/"&C22&"/"&B22) -> 34912 | B22: =LEFT(D22,4) -> 1995 | C22: 8 | D22: 199508 | E22: =+IF([3]AST!B9="","",[3]AST!B9) -> 309544.17 | F22: =+IF([3]AST!C9="","",[3]AST!C9) | G22: =+IF([3]AST!D9="","",[3]AST!D9) | H22: =+IF([3]AST!E9="","",[3]AST!E9) -> 85.646711 | I22: =+IF([3]AST!F9="","",[3]AST!F9) -> 216447.05 | J22: =+IF([3]AST!G9="","",[3]AST!G9) | K22: =+IF([3]AST!H9="","",[3]AST!H9) -> 893.58521 | L22: =+IF([3]AST!I9="","",[3]AST!I9) -> 59.913845 | M22: =+IF([3]AST!J9="","",[3]AST!J9) -> 309544.17 | N22: =+'[1]Trim CM INICIAL_ECM'!J11 -> 70.050606 | O22: =+[2]anu!B9 -> 108.3741 | P22: 199604 | Q22: =+Q21+1 -> 2007
A23: =VALUE("1/"&C23&"/"&B23) -> 34943 | B23: =LEFT(D23,4) -> 1995 | C23: 9 | D23: 199509 | E23: =+IF([3]AST!B10="","",[3]AST!B10) -> 306036.16 | F23: =+IF([3]AST!C10="","",[3]AST!C10) | G23: =+IF([3]AST!D10="","",[3]AST!D10) | H23: =+IF([3]AST!E10="","",[3]AST!E10) -> 101.87296 | I23: =+IF([3]AST!F10="","",[3]AST!F10) -> 129753.41 | J23: =+IF([3]AST!G10="","",[3]AST!G10) | K23: =+IF([3]AST!H10="","",[3]AST!H10) -> 1194.2992 | L23: =+IF([3]AST!I10="","",[3]AST!I10) -> 60.1535 | M23: =+IF([3]AST!J10="","",[3]AST!J10) -> 306036.16 | N23: =+'[1]Trim CM INICIAL_ECM'!J12 -> 70.749209 | O23: =+[2]anu!B10 -> 108.48215 | P23: 199701 | Q23: =+Q22+1 -> 2008
A24: =VALUE("1/"&C24&"/"&B24) -> 34973 | B24: =LEFT(D24,4) -> 1995 | C24: 10 | D24: 199510 | E24: =+IF([3]AST!B11="","",[3]AST!B11) -> 301624.05 | F24: =+IF([3]AST!C11="","",[3]AST!C11) | G24: =+IF([3]AST!D11="","",[3]AST!D11) | H24: =+IF([3]AST!E11="","",[3]AST!E11) -> 104.33771 | I24: =+IF([3]AST!F11="","",[3]AST!F11) -> 88487.342 | J24: =+IF([3]AST!G11="","",[3]AST!G11) | K24: =+IF([3]AST!H11="","",[3]AST!H11) -> 834.9093 | L24: =+IF([3]AST!I11="","",[3]AST!I11) -> 60.394114 | M24: =+IF([3]AST!J11="","",[3]AST!J11) -> 301624.05 | N24: =+'[1]Trim CM INICIAL_ECM'!J13 -> 71.387254 | O24: =+[2]anu!B11 -> 104.02309 | P24: 199702 | Q24: =+Q23+1 -> 2009
A25: =VALUE("1/"&C25&"/"&B25) -> 35004 | B25: =LEFT(D25,4) -> 1995 | C25: 11 | D25: 199511 | E25: =+IF([3]AST!B12="","",[3]AST!B12) -> 301156.47 | F25: =+IF([3]AST!C12="","",[3]AST!C12) | G25: =+IF([3]AST!D12="","",[3]AST!D12) | H25: =+IF([3]AST!E12="","",[3]AST!E12) -> 103.92653 | I25: =+IF([3]AST!F12="","",[3]AST!F12) -> 53607.981 | J25: =+IF([3]AST!G12="","",[3]AST!G12) | K25: =+IF([3]AST!H12="","",[3]AST!H12) -> 891.14038 | L25: =+IF([3]AST!I12="","",[3]AST!I12) -> 60.575296 | M25: =+IF([3]AST!J12="","",[3]AST!J12) -> 301156.47 | N25: =+'[1]Trim CM INICIAL_ECM'!J14 -> 72.179702 | O25: =+[2]anu!B12 -> 102.64082 | P25: 199703 | Q25: =+Q24+1 -> 2010
A26: =VALUE("1/"&C26&"/"&B26) -> 35034 | B26: =LEFT(D26,4) -> 1995 | C26: 12 | D26: 199512 | E26: =+IF([3]AST!B13="","",[3]AST!B13) -> 300704.01 | F26: =+IF([3]AST!C13="","",[3]AST!C13) | G26: =+IF([3]AST!D13="","",[3]AST!D13) | H26: =+IF([3]AST!E13="","",[3]AST!E13) -> 91.398325 | I26: =+IF([3]AST!F13="","",[3]AST!F13) -> 52834.024 | J26: =+IF([3]AST!G13="","",[3]AST!G13) | K26: =+IF([3]AST!H13="","",[3]AST!H13) -> 1019.4939 | L26: =+IF([3]AST!I13="","",[3]AST!I13) -> 60.696447 | M26: =+IF([3]AST!J13="","",[3]AST!J13) -> 300704.01 | N26: =+'[1]Trim CM INICIAL_ECM'!J15 -> 73.193535 | O26: =+[2]anu!B13 -> 102.3609 | P26: 199704 | Q26: =+Q25+1 -> 2011
A27: =VALUE("1/"&C27&"/"&B27) -> 35065 | B27: =LEFT(D27,4) -> 1996 | C27: 1 | D27: 199601 | E27: =+IF([3]AST!B14="","",[3]AST!B14) -> 296978.91 | F27: =+IF([3]AST!C14="","",[3]AST!C14) | G27: =+IF([3]AST!D14="","",[3]AST!D14) | H27: =+IF([3]AST!E14="","",[3]AST!E14) -> 100.43519 | I27: =+IF([3]AST!F14="","",[3]AST!F14) -> 36073.476 | J27: =+IF([3]AST!G14="","",[3]AST!G14) | K27: =+IF([3]AST!H14="","",[3]AST!H14) -> 1164.9613 | L27: =+IF([3]AST!I14="","",[3]AST!I14) -> 61.060626 | M27: =+IF([3]AST!J14="","",[3]AST!J14) -> 296978.91 | N27: =+'[1]Trim CM INICIAL_ECM'!J16 -> 73.809914 | O27: =+[2]anu!B14 -> 98.790917 | P27: 199801 | Q27: =+Q26+1 -> 2012
... A45: =VALUE("1/"&C45&"/"&B45) -> 35612 | B45: =LEFT(D45,4) -> 1997 | C45: 7 | D45: 199707 | E45: =+IF([3]AST!B32="","",[3]AST!B32) -> 312247.39 | F45: =+IF([3]AST!C32="","",[3]AST!C32) | G45: =+IF([3]AST!D32="","",[3]AST!D32) | H45: =+IF([3]AST!E32="","",[3]AST!E32) -> 105.7748 | I45: =+IF([3]AST!F32="","",[3]AST!F32) -> 135823.97 | J45: =+IF([3]AST!G32="","",[3]AST!G32) -> 47452 | K45: =+IF([3]AST!H32="","",[3]AST!H32) -> 957.15078 | L45: =+IF([3]AST!I32="","",[3]AST!I32) -> 62.979284 | M45: =+IF([3]AST!J32="","",[3]AST!J32) -> 312247.39 | N45: =+'[1]Trim CM INICIAL_ECM'!J34 -> 88.1866 | O45: =+[2]anu!B32 -> 133.35611 | P45: 200203 | Q45: =+Q44+1 -> 2030
A46: =VALUE("1/"&C46&"/"&B46) -> 35643 | B46: =LEFT(D46,4) -> 1997 | C46: 8 | D46: 199708 | E46: =+IF([3]AST!B33="","",[3]AST!B33) -> 316229.56 | F46: =+IF([3]AST!C33="","",[3]AST!C33) | G46: =+IF([3]AST!D33="","",[3]AST!D33) | H46: =+IF([3]AST!E33="","",[3]AST!E33) -> 85.749405 | I46: =+IF([3]AST!F33="","",[3]AST!F33) -> 198129.39 | J46: =+IF([3]AST!G33="","",[3]AST!G33) -> 43408 | K46: =+IF([3]AST!H33="","",[3]AST!H33) -> 969.37493 | L46: =+IF([3]AST!I33="","",[3]AST!I33) -> 63.294181 | M46: =+IF([3]AST!J33="","",[3]AST!J33) -> 316229.56 | N46: =+'[1]Trim CM INICIAL_ECM'!J35 -> 88.87513 | P46: 200204
A47: =VALUE("1/"&C47&"/"&B47) -> 35674 | B47: =LEFT(D47,4) -> 1997 | C47: 9 | D47: 199709 | E47: =+IF([3]AST!B34="","",[3]AST!B34) -> 311735.82 | F47: =+IF([3]AST!C34="","",[3]AST!C34) | G47: =+IF([3]AST!D34="","",[3]AST!D34) | H47: =+IF([3]AST!E34="","",[3]AST!E34) -> 107.31577 | I47: =+IF([3]AST!F34="","",[3]AST!F34) -> 121754.49 | J47: =+IF([3]AST!G34="","",[3]AST!G34) -> 43041 | K47: =+IF([3]AST!H34="","",[3]AST!H34) -> 1095.2837 | L47: =+IF([3]AST!I34="","",[3]AST!I34) -> 63.484063 | M47: =+IF([3]AST!J34="","",[3]AST!J34) -> 311735.82 | N47: =+'[1]Trim CM INICIAL_ECM'!J36 -> 89.731812 | P47: 200301
A48: =VALUE("1/"&C48&"/"&B48) -> 35704 | B48: =LEFT(D48,4) -> 1997 | C48: 10 | D48: 199710 | E48: =+IF([3]AST!B35="","",[3]AST!B35) -> 309355.19 | F48: =+IF([3]AST!C35="","",[3]AST!C35) | G48: =+IF([3]AST!D35="","",[3]AST!D35) | H48: =+IF([3]AST!E35="","",[3]AST!E35) -> 114.40178 | I48: =+IF([3]AST!F35="","",[3]AST!F35) -> 86442.727 | J48: =+IF([3]AST!G35="","",[3]AST!G35) -> 44682 | K48: =+IF([3]AST!H35="","",[3]AST!H35) -> 1226.082 | L48: =+IF([3]AST!I35="","",[3]AST!I35) -> 63.484063 | M48: =+IF([3]AST!J35="","",[3]AST!J35) -> 309355.19 | N48: =+'[1]Trim CM INICIAL_ECM'!J37 -> 90.07568 | P48: 200302
A49: =VALUE("1/"&C49&"/"&B49) -> 35735 | B49: =LEFT(D49,4) -> 1997 | C49: 11 | D49: 199711 | E49: =+IF([3]AST!B36="","",[3]AST!B36) -> 310328.1 | F49: =+IF([3]AST!C36="","",[3]AST!C36) | G49: =+IF([3]AST!D36="","",[3]AST!D36) | H49: =+IF([3]AST!E36="","",[3]AST!E36) -> 103.72114 | I49: =+IF([3]AST!F36="","",[3]AST!F36) -> 53649.816 | J49: =+IF([3]AST!G36="","",[3]AST!G36) -> 46215 | K49: =+IF([3]AST!H36="","",[3]AST!H36) -> 951.03871 | L49: =+IF([3]AST!I36="","",[3]AST!I36) -> 63.738 | M49: =+IF([3]AST!J36="","",[3]AST!J36) -> 310328.1 | N49: =+'[1]Trim CM INICIAL_ECM'!J38 -> 90.746529 | P49: 200303
A50: =VALUE("1/"&C50&"/"&B50) -> 35765 | B50: =LEFT(D50,4) -> 1997 | C50: 12 | D50: 199712 | E50: =+IF([3]AST!B37="","",[3]AST!B37) -> 308700.89 | F50: =+IF([3]AST!C37="","",[3]AST!C37) | G50: =+IF([3]AST!D37="","",[3]AST!D37) | H50: =+IF([3]AST!E37="","",[3]AST!E37) -> 93.760304 | I50: =+IF([3]AST!F37="","",[3]AST!F37) -> 52278.235 | J50: =+IF([3]AST!G37="","",[3]AST!G37) -> 54851 | K50: =+IF([3]AST!H37="","",[3]AST!H37) -> 1477.8995 | L50: =+IF([3]AST!I37="","",[3]AST!I37) -> 63.929214 | M50: =+IF([3]AST!J37="","",[3]AST!J37) -> 308700.89 | N50: =+'[1]Trim CM INICIAL_ECM'!J39 -> 91.507449 | P50: 200304
A51: =VALUE("1/"&C51&"/"&B51) -> 35796 | B51: =LEFT(D51,4) -> 1998 | C51: 1 | D51: 199801 | E51: =+IF([3]AST!B38="","",[3]AST!B38) -> 306135.54 | F51: =+IF([3]AST!C38="","",[3]AST!C38) | G51: =+IF([3]AST!D38="","",[3]AST!D38) | H51: =+IF([3]AST!E38="","",[3]AST!E38) -> 96.840885 | I51: =+IF([3]AST!F38="","",[3]AST!F38) -> 39763.938 | J51: =+IF([3]AST!G38="","",[3]AST!G38) -> 51307 | K51: =+IF([3]AST!H38="","",[3]AST!H38) -> 1799.3946 | L51: =+IF([3]AST!I38="","",[3]AST!I38) -> 64.057072 | M51: =+IF([3]AST!J38="","",[3]AST!J38) -> 306135.54 | N51: =+'[1]Trim CM INICIAL_ECM'!J40 -> 92.042783 | P51: 200401
A52: =VALUE("1/"&C52&"/"&B52) -> 35827 | B52: =LEFT(D52,4) -> 1998 | C52: 2 | D52: 199802 | E52: =+IF([3]AST!B39="","",[3]AST!B39) -> 307784.86 | F52: =+IF([3]AST!C39="","",[3]AST!C39) | G52: =+IF([3]AST!D39="","",[3]AST!D39) | H52: =+IF([3]AST!E39="","",[3]AST!E39) -> 102.6945 | I52: =+IF([3]AST!F39="","",[3]AST!F39) -> 62741.837 | J52: =+IF([3]AST!G39="","",[3]AST!G39) -> 55621 | K52: =+IF([3]AST!H39="","",[3]AST!H39) -> 1309.2062 | L52: =+IF([3]AST!I39="","",[3]AST!I39) -> 63.928958 | M52: =+IF([3]AST!J39="","",[3]AST!J39) -> 307784.86 | N52: =+'[1]Trim CM INICIAL_ECM'!J41 -> 93.020239 | P52: 200402
A53: =VALUE("1/"&C53&"/"&B53) -> 35855 | B53: =LEFT(D53,4) -> 1998 | C53: 3 | D53: 199803 | E53: =+IF([3]AST!B40="","",[3]AST!B40) -> 310456.21 | F53: =+IF([3]AST!C40="","",[3]AST!C40) | G53: =+IF([3]AST!D40="","",[3]AST!D40) | H53: =+IF([3]AST!E40="","",[3]AST!E40) -> 115.12044 | I53: =+IF([3]AST!F40="","",[3]AST!F40) -> 96226.217 | J53: =+IF([3]AST!G40="","",[3]AST!G40) -> 59068 | K53: =+IF([3]AST!H40="","",[3]AST!H40) -> 1834.8446 | L53: =+IF([3]AST!I40="","",[3]AST!I40) -> 63.928958 | M53: =+IF([3]AST!J40="","",[3]AST!J40) -> 310456.21 | N53: =+'[1]Trim CM INICIAL_ECM'!J42 -> 93.804639 | P53: 200403
A54: =VALUE("1/"&C54&"/"&B54) -> 35886 | B54: =LEFT(D54,4) -> 1998 | C54: 4 | D54: 199804 | E54: =+IF([3]AST!B41="","",[3]AST!B41) -> 311097.95 | F54: =+IF([3]AST!C41="","",[3]AST!C41) | G54: =+IF([3]AST!D41="","",[3]AST!D41) | H54: =+IF([3]AST!E41="","",[3]AST!E41) -> 105.46682 | I54: =+IF([3]AST!F41="","",[3]AST!F41) -> 122057.35 | J54: =+IF([3]AST!G41="","",[3]AST!G41) -> 48369 | K54: =+IF([3]AST!H41="","",[3]AST!H41) -> 1150.2923 | L54: =+IF([3]AST!I41="","",[3]AST!I41) -> 64.120745 | M54: =+IF([3]AST!J41="","",[3]AST!J41) -> 311097.95 | N54: =+'[1]Trim CM INICIAL_ECM'!J43 -> 94.47041 | P54: 200404
A55: =VALUE("1/"&C55&"/"&B55) -> 35916 | B55: =LEFT(D55,4) -> 1998 | C55: 5 | D55: 199805 | E55: =+IF([3]AST!B42="","",[3]AST!B42) -> 313942.39 | F55: =+IF([3]AST!C42="","",[3]AST!C42) | G55: =+IF([3]AST!D42="","",[3]AST!D42) | H55: =+IF([3]AST!E42="","",[3]AST!E42) -> 110.90989 | I55: =+IF([3]AST!F42="","",[3]AST!F42) -> 136804.95 | J55: =+IF([3]AST!G42="","",[3]AST!G42) -> 45363 | K55: =+IF([3]AST!H42="","",[3]AST!H42) -> 1310.4287 | L55: =+IF([3]AST!I42="","",[3]AST!I42) -> 64.248986 | M55: =+IF([3]AST!J42="","",[3]AST!J42) -> 313942.39 | N55: =+'[1]Trim CM INICIAL_ECM'!J44 -> 95.314485 | P55: 200501
A56: =VALUE("1/"&C56&"/"&B56) -> 35947 | B56: =LEFT(D56,4) -> 1998 | C56: 6 | D56: 199806 | E56: =+IF([3]AST!B43="","",[3]AST!B43) -> 318528.13 | F56: =+IF([3]AST!C43="","",[3]AST!C43) | G56: =+IF([3]AST!D43="","",[3]AST!D43) | H56: =+IF([3]AST!E43="","",[3]AST!E43) -> 113.47727 | I56: =+IF([3]AST!F43="","",[3]AST!F43) -> 140448.43 | J56: =+IF([3]AST!G43="","",[3]AST!G43) -> 48107 | K56: =+IF([3]AST!H43="","",[3]AST!H43) -> 1528.0185 | L56: =+IF([3]AST!I43="","",[3]AST!I43) -> 64.248986 | M56: =+IF([3]AST!J43="","",[3]AST!J43) -> 318528.13 | N56: =+'[1]Trim CM INICIAL_ECM'!J45 -> 96.160515 | P56: 200502
A57: =VALUE("1/"&C57&"/"&B57) -> 35977 | B57: =LEFT(D57,4) -> 1998 | C57: 7 | D57: 199807 | E57: =+IF([3]AST!B44="","",[3]AST!B44) -> 321078.71 | F57: =+IF([3]AST!C44="","",[3]AST!C44) | G57: =+IF([3]AST!D44="","",[3]AST!D44) | H57: =+IF([3]AST!E44="","",[3]AST!E44) -> 109.061 | I57: =+IF([3]AST!F44="","",[3]AST!F44) -> 249567.3 | J57: =+IF([3]AST!G44="","",[3]AST!G44) -> 52128 | K57: =+IF([3]AST!H44="","",[3]AST!H44) -> 1367.8821 | L57: =+IF([3]AST!I44="","",[3]AST!I44) -> 64.377484 | M57: =+IF([3]AST!J44="","",[3]AST!J44) -> 321078.71 | N57: =+'[1]Trim CM INICIAL_ECM'!J46 -> 97.081208 | P57: 200503
... A115: =VALUE("1/"&C115&"/"&B115) -> 37742 | B115: =LEFT(D115,4) -> 2003 | C115: 5 | D115: 200305 | E115: =+IF([3]AST!B102="","",[3]AST!B102) -> 362832.73 | F115: =+IF([3]AST!C102="","",[3]AST!C102) | G115: =+IF([3]AST!D102="","",[3]AST!D102) -> 115.031 | H115: =+IF([3]AST!E102="","",[3]AST!E102) -> 111.44 | I115: =+IF([3]AST!F102="","",[3]AST!F102) -> 209845 | J115: =+IF([3]AST!G102="","",[3]AST!G102) -> 79227 | K115: =+IF([3]AST!H102="","",[3]AST!H102) -> 1809 | L115: =+IF([3]AST!I102="","",[3]AST!I102) -> 74.483 | M115: =+IF([3]AST!J102="","",[3]AST!J102) -> 362832.73 | N115: =+'[1]Trim CM INICIAL_ECM'!J104 -> 107.10463 | P115: 202001
D116: 200306 | E116: =+IF([3]AST!B103="","",[3]AST!B103) -> 365735.86 | F116: =+IF([3]AST!C103="","",[3]AST!C103) | G116: =+IF([3]AST!D103="","",[3]AST!D103) -> 107.851 | H116: =+IF([3]AST!E103="","",[3]AST!E103) -> 108.691 | I116: =+IF([3]AST!F103="","",[3]AST!F103) -> 231297 | J116: =+IF([3]AST!G103="","",[3]AST!G103) -> 77306 | K116: =+IF([3]AST!H103="","",[3]AST!H103) -> 1299 | L116: =+IF([3]AST!I103="","",[3]AST!I103) -> 74.522 | M116: =+IF([3]AST!J103="","",[3]AST!J103) -> 365735.86 | N116: =+'[1]Trim CM INICIAL_ECM'!J105 -> 88.050276 | P116: 202002
D117: 200307 | E117: =+IF([3]AST!B104="","",[3]AST!B104) -> 369061.02 | F117: =+IF([3]AST!C104="","",[3]AST!C104) | G117: =+IF([3]AST!D104="","",[3]AST!D104) -> 123.315 | H117: =+IF([3]AST!E104="","",[3]AST!E104) -> 119.228 | I117: =+IF([3]AST!F104="","",[3]AST!F104) -> 351136 | J117: =+IF([3]AST!G104="","",[3]AST!G104) -> 79572 | K117: =+IF([3]AST!H104="","",[3]AST!H104) -> 1715 | L117: =+IF([3]AST!I104="","",[3]AST!I104) -> 73.918 | M117: =+IF([3]AST!J104="","",[3]AST!J104) -> 369061.02 | N117: =+'[1]Trim CM INICIAL_ECM'!J106 -> 102.0523 | P117: 202003
D118: 200308 | E118: =+IF([3]AST!B105="","",[3]AST!B105) -> 372427.56 | F118: =+IF([3]AST!C105="","",[3]AST!C105) | G118: =+IF([3]AST!D105="","",[3]AST!D105) -> 113.129 | H118: =+IF([3]AST!E105="","",[3]AST!E105) -> 100.903 | I118: =+IF([3]AST!F105="","",[3]AST!F105) -> 588644 | J118: =+IF([3]AST!G105="","",[3]AST!G105) -> 74603 | K118: =+IF([3]AST!H105="","",[3]AST!H105) -> 1266 | L118: =+IF([3]AST!I105="","",[3]AST!I105) -> 74.271 | M118: =+IF([3]AST!J105="","",[3]AST!J105) -> 372427.56 | N118: =+'[1]Trim CM INICIAL_ECM'!J107 -> 102.79279 | P118: 202004
D119: 200309 | E119: =+IF([3]AST!B106="","",[3]AST!B106) -> 367513.49 | F119: =+IF([3]AST!C106="","",[3]AST!C106) | G119: =+IF([3]AST!D106="","",[3]AST!D106) -> 114.889 | H119: =+IF([3]AST!E106="","",[3]AST!E106) -> 117.739 | I119: =+IF([3]AST!F106="","",[3]AST!F106) -> 312201 | J119: =+IF([3]AST!G106="","",[3]AST!G106) -> 68717 | K119: =+IF([3]AST!H106="","",[3]AST!H106) -> 1767 | L119: =+IF([3]AST!I106="","",[3]AST!I106) -> 74.39 | M119: =+IF([3]AST!J106="","",[3]AST!J106) -> 367513.49 | N119: =+'[1]Trim CM INICIAL_ECM'!J108 -> 104.02811 | P119: 202101
D120: 200310 | E120: =+IF([3]AST!B107="","",[3]AST!B107) -> 364141.64 | F120: =+IF([3]AST!C107="","",[3]AST!C107) | G120: =+IF([3]AST!D107="","",[3]AST!D107) -> 121.833 | H120: =+IF([3]AST!E107="","",[3]AST!E107) -> 124.382 | I120: =+IF([3]AST!F107="","",[3]AST!F107) -> 199640 | J120: =+IF([3]AST!G107="","",[3]AST!G107) -> 87611 | K120: =+IF([3]AST!H107="","",[3]AST!H107) -> 1851 | L120: =+IF([3]AST!I107="","",[3]AST!I107) -> 74.8 | M120: =+IF([3]AST!J107="","",[3]AST!J107) -> 364141.64 | N120: =+'[1]Trim CM INICIAL_ECM'!J109 -> 105.45424 | P120: 202102
D121: 200311 | E121: =+IF([3]AST!B108="","",[3]AST!B108) -> 365618.08 | F121: =+IF([3]AST!C108="","",[3]AST!C108) | G121: =+IF([3]AST!D108="","",[3]AST!D108) -> 110.782 | H121: =+IF([3]AST!E108="","",[3]AST!E108) -> 115.906 | I121: =+IF([3]AST!F108="","",[3]AST!F108) -> 127843 | J121: =+IF([3]AST!G108="","",[3]AST!G108) -> 76366 | K121: =+IF([3]AST!H108="","",[3]AST!H108) -> 1507 | L121: =+IF([3]AST!I108="","",[3]AST!I108) -> 75.371 | M121: =+IF([3]AST!J108="","",[3]AST!J108) -> 365618.08 | N121: =+'[1]Trim CM INICIAL_ECM'!J110 -> 107.53285 | P121: 202103
D122: 200312 | E122: =+IF([3]AST!B109="","",[3]AST!B109) -> 364570.24 | F122: =+IF([3]AST!C109="","",[3]AST!C109) | G122: =+IF([3]AST!D109="","",[3]AST!D109) -> 147.044 | H122: =+IF([3]AST!E109="","",[3]AST!E109) -> 103.308 | I122: =+IF([3]AST!F109="","",[3]AST!F109) -> 123467 | J122: =+IF([3]AST!G109="","",[3]AST!G109) -> 88546 | K122: =+IF([3]AST!H109="","",[3]AST!H109) -> 1403 | L122: =+IF([3]AST!I109="","",[3]AST!I109) -> 75.505 | M122: =+IF([3]AST!J109="","",[3]AST!J109) -> 364570.24 | N122: =+'[1]Trim CM INICIAL_ECM'!J111 -> 109.71738 | P122: 202104
D123: 200401 | E123: =+IF([3]AST!B110="","",[3]AST!B110) -> 359847 | F123: =+IF([3]AST!C110="","",[3]AST!C110) | G123: =+IF([3]AST!D110="","",[3]AST!D110) -> 131.272 | H123: =+IF([3]AST!E110="","",[3]AST!E110) -> 114.303 | I123: =+IF([3]AST!F110="","",[3]AST!F110) -> 93771 | J123: =+IF([3]AST!G110="","",[3]AST!G110) -> 77483 | K123: =+IF([3]AST!H110="","",[3]AST!H110) -> 2109 | L123: =+IF([3]AST!I110="","",[3]AST!I110) -> 74.838 | M123: =+IF([3]AST!J110="","",[3]AST!J110) -> 359847 | N123: =+'[1]Trim CM INICIAL_ECM'!J112 -> 111.44189 | P123: 202201
D124: 200402 | E124: =+IF([3]AST!B111="","",[3]AST!B111) -> 361009 | F124: =+IF([3]AST!C111="","",[3]AST!C111) | G124: =+IF([3]AST!D111="","",[3]AST!D111) -> 106.006 | H124: =+IF([3]AST!E111="","",[3]AST!E111) -> 115.334 | I124: =+IF([3]AST!F111="","",[3]AST!F111) -> 109530 | J124: =+IF([3]AST!G111="","",[3]AST!G111) -> 77552 | K124: =+IF([3]AST!H111="","",[3]AST!H111) -> 1946 | L124: =+IF([3]AST!I111="","",[3]AST!I111) -> 74.836 | M124: =+IF([3]AST!J111="","",[3]AST!J111) -> 361009 | N124: =+'[1]Trim CM INICIAL_ECM'!J113 -> 113.33779 | P124: 202202
D125: 200403 | E125: =+IF([3]AST!B112="","",[3]AST!B112) -> 361711 | F125: =+IF([3]AST!C112="","",[3]AST!C112) | G125: =+IF([3]AST!D112="","",[3]AST!D112) -> 116.145 | H125: =+IF([3]AST!E112="","",[3]AST!E112) -> 127.589 | I125: =+IF([3]AST!F112="","",[3]AST!F112) -> 145321 | J125: =+IF([3]AST!G112="","",[3]AST!G112) -> 88497 | K125: =+IF([3]AST!H112="","",[3]AST!H112) -> 1740 | L125: =+IF([3]AST!I112="","",[3]AST!I112) -> 75.253 | M125: =+IF([3]AST!J112="","",[3]AST!J112) -> 361711 | N125: =+'[1]Trim CM INICIAL_ECM'!J114 -> 114.26243 | P125: 202203
D126: 200404 | E126: =+IF([3]AST!B113="","",[3]AST!B113) -> 362706 | F126: =+IF([3]AST!C113="","",[3]AST!C113) | G126: =+IF([3]AST!D113="","",[3]AST!D113) -> 114.82 | H126: =+IF([3]AST!E113="","",[3]AST!E113) -> 113.387 | I126: =+IF([3]AST!F113="","",[3]AST!F113) -> 228696 | J126: =+IF([3]AST!G113="","",[3]AST!G113) -> 78373 | K126: =+IF([3]AST!H113="","",[3]AST!H113) -> 1603 | L126: =+IF([3]AST!I113="","",[3]AST!I113) -> 76.474 | M126: =+IF([3]AST!J113="","",[3]AST!J113) -> 362706 | N126: =+'[1]Trim CM INICIAL_ECM'!J115 -> 114.87482 | P126: 202204
D127: 200405 | E127: =+IF([3]AST!B114="","",[3]AST!B114) -> 364796 | F127: =+IF([3]AST!C114="","",[3]AST!C114) | G127: =+IF([3]AST!D114="","",[3]AST!D114) -> 111.325 | H127: =+IF([3]AST!E114="","",[3]AST!E114) -> 121.862 | I127: =+IF([3]AST!F114="","",[3]AST!F114) -> 198921 | J127: =+IF([3]AST!G114="","",[3]AST!G114) -> 73521 | K127: =+IF([3]AST!H114="","",[3]AST!H114) -> 1992 | L127: =+IF([3]AST!I114="","",[3]AST!I114) -> 76.899 | M127: =+IF([3]AST!J114="","",[3]AST!J114) -> 364796 | N127: =+'[1]Trim CM INICIAL_ECM'!J116 -> 115.46078 | P127: 202301
... D158: 200612 | E158: =+IF([3]AST!B145="","",[3]AST!B145) -> 394060 | F158: =+IF([3]AST!C145="","",[3]AST!C145) -> 129.59479 | G158: =+IF([3]AST!D145="","",[3]AST!D145) -> 155.495 | H158: =+IF([3]AST!E145="","",[3]AST!E145) -> 111.669 | I158: =+IF([3]AST!F145="","",[3]AST!F145) -> 174238 | J158: =+IF([3]AST!G145="","",[3]AST!G145) -> 85788 | K158: =+IF([3]AST!H145="","",[3]AST!H145) -> 1382 | L158: =+IF([3]AST!I145="","",[3]AST!I145) -> 82.466 | M158: =+IF([3]AST!J145="","",[3]AST!J145) -> 394060 | N158: =+'[1]Trim CM INICIAL_ECM'!J147 -> 135.47417 | P158: 203004
D159: 200701 | E159: =+IF([3]AST!B146="","",[3]AST!B146) -> 390337 | F159: =+IF([3]AST!C146="","",[3]AST!C146) -> 112.04896 | G159: =+IF([3]AST!D146="","",[3]AST!D146) -> 140.192 | H159: =+IF([3]AST!E146="","",[3]AST!E146) -> 124.84 | I159: =+IF([3]AST!F146="","",[3]AST!F146) -> 124593 | J159: =+IF([3]AST!G146="","",[3]AST!G146) -> 84929 | K159: =+IF([3]AST!H146="","",[3]AST!H146) -> 2326 | L159: =+IF([3]AST!I146="","",[3]AST!I146) -> 81.484 | M159: =+IF([3]AST!J146="","",[3]AST!J146) -> 390337
D160: 200702 | E160: =+IF([3]AST!B147="","",[3]AST!B147) -> 392730 | F160: =+IF([3]AST!C147="","",[3]AST!C147) -> 103.90042 | G160: =+IF([3]AST!D147="","",[3]AST!D147) -> 113.791 | H160: =+IF([3]AST!E147="","",[3]AST!E147) -> 115.906 | I160: =+IF([3]AST!F147="","",[3]AST!F147) -> 148278 | J160: =+IF([3]AST!G147="","",[3]AST!G147) -> 79132 | K160: =+IF([3]AST!H147="","",[3]AST!H147) -> 2185 | L160: =+IF([3]AST!I147="","",[3]AST!I147) -> 81.584 | M160: =+IF([3]AST!J147="","",[3]AST!J147) -> 392730
D161: 200703 | E161: =+IF([3]AST!B148="","",[3]AST!B148) -> 395003 | F161: =+IF([3]AST!C148="","",[3]AST!C148) -> 118.35187 | G161: =+IF([3]AST!D148="","",[3]AST!D148) -> 127.852 | H161: =+IF([3]AST!E148="","",[3]AST!E148) -> 128.734 | I161: =+IF([3]AST!F148="","",[3]AST!F148) -> 191475 | J161: =+IF([3]AST!G148="","",[3]AST!G148) -> 87057 | K161: =+IF([3]AST!H148="","",[3]AST!H148) -> 1692 | L161: =+IF([3]AST!I148="","",[3]AST!I148) -> 82.188 | M161: =+IF([3]AST!J148="","",[3]AST!J148) -> 395003
D162: 200704 | E162: =+IF([3]AST!B149="","",[3]AST!B149) -> 397149 | F162: =+IF([3]AST!C149="","",[3]AST!C149) -> 110.28641 | G162: =+IF([3]AST!D149="","",[3]AST!D149) -> 119.346 | H162: =+IF([3]AST!E149="","",[3]AST!E149) -> 117.51 | I162: =+IF([3]AST!F149="","",[3]AST!F149) -> 330407 | J162: =+IF([3]AST!G149="","",[3]AST!G149) -> 81317 | K162: =+IF([3]AST!H149="","",[3]AST!H149) -> 1686 | L162: =+IF([3]AST!I149="","",[3]AST!I149) -> 83.528 | M162: =+IF([3]AST!J149="","",[3]AST!J149) -> 397149
D163: 200705 | E163: =+IF([3]AST!B150="","",[3]AST!B150) -> 400528 | F163: =+IF([3]AST!C150="","",[3]AST!C150) -> 118.65961 | G163: =+IF([3]AST!D150="","",[3]AST!D150) -> 126.541 | H163: =+IF([3]AST!E150="","",[3]AST!E150) -> 124.267 | I163: =+IF([3]AST!F150="","",[3]AST!F150) -> 255247 | J163: =+IF([3]AST!G150="","",[3]AST!G150) -> 81364 | K163: =+IF([3]AST!H150="","",[3]AST!H150) -> 1904 | L163: =+IF([3]AST!I150="","",[3]AST!I150) -> 83.9 | M163: =+IF([3]AST!J150="","",[3]AST!J150) -> 400528
D164: 200706 | E164: =+IF([3]AST!B151="","",[3]AST!B151) -> 403125 | F164: =+IF([3]AST!C151="","",[3]AST!C151) -> 121.76818 | G164: =+IF([3]AST!D151="","",[3]AST!D151) -> 126.519 | H164: =+IF([3]AST!E151="","",[3]AST!E151) -> 123.809 | I164: =+IF([3]AST!F151="","",[3]AST!F151) -> 315216 | J164: =+IF([3]AST!G151="","",[3]AST!G151) -> 81614 | K164: =+IF([3]AST!H151="","",[3]AST!H151) -> 2074 | L164: =+IF([3]AST!I151="","",[3]AST!I151) -> 84.093 | M164: =+IF([3]AST!J151="","",[3]AST!J151) -> 403125
D165: 200707 | E165: =+IF([3]AST!B152="","",[3]AST!B152) -> 407643 | F165: =+IF([3]AST!C152="","",[3]AST!C152) -> 126.25182 | G165: =+IF([3]AST!D152="","",[3]AST!D152) -> 141.579 | H165: =+IF([3]AST!E152="","",[3]AST!E152) -> 114.532 | I165: =+IF([3]AST!F152="","",[3]AST!F152) -> 465594 | J165: =+IF([3]AST!G152="","",[3]AST!G152) -> 85395 | K165: =+IF([3]AST!H152="","",[3]AST!H152) -> 1608 | L165: =+IF([3]AST!I152="","",[3]AST!I152) -> 83.357 | M165: =+IF([3]AST!J152="","",[3]AST!J152) -> 407643
D166: 200708 | E166: =+IF([3]AST!B153="","",[3]AST!B153) -> 408349 | F166: =+IF([3]AST!C153="","",[3]AST!C153) -> 116.96278 | G166: =+IF([3]AST!D153="","",[3]AST!D153) -> 130.266 | H166: =+IF([3]AST!E153="","",[3]AST!E153) -> 107.431 | I166: =+IF([3]AST!F153="","",[3]AST!F153) -> 687663 | J166: =+IF([3]AST!G153="","",[3]AST!G153) -> 86287 | K166: =+IF([3]AST!H153="","",[3]AST!H153) -> 1930 | L166: =+IF([3]AST!I153="","",[3]AST!I153) -> 83.527 | M166: =+IF([3]AST!J153="","",[3]AST!J153) -> 408349
D167: 200709 | E167: =+IF([3]AST!B154="","",[3]AST!B154) -> 405418 | F167: =+IF([3]AST!C154="","",[3]AST!C154) -> 115.48008 | G167: =+IF([3]AST!D154="","",[3]AST!D154) -> 125.292 | H167: =+IF([3]AST!E154="","",[3]AST!E154) -> 113.959 | I167: =+IF([3]AST!F154="","",[3]AST!F154) -> 386886 | J167: =+IF([3]AST!G154="","",[3]AST!G154) -> 73568 | K167: =+IF([3]AST!H154="","",[3]AST!H154) -> 1721 | L167: =+IF([3]AST!I154="","",[3]AST!I154) -> 83.607 | M167: =+IF([3]AST!J154="","",[3]AST!J154) -> 405418
D168: 200710 | E168: =+IF([3]AST!B155="","",[3]AST!B155) -> 404829 | F168: =+IF([3]AST!C155="","",[3]AST!C155) -> 120.60926 | G168: =+IF([3]AST!D155="","",[3]AST!D155) -> 127.845 | H168: =+IF([3]AST!E155="","",[3]AST!E155) -> 123.007 | I168: =+IF([3]AST!F155="","",[3]AST!F155) -> 278959 | J168: =+IF([3]AST!G155="","",[3]AST!G155) -> 87578 | K168: =+IF([3]AST!H155="","",[3]AST!H155) -> 1837 | L168: =+IF([3]AST!I155="","",[3]AST!I155) -> 84.675 | M168: =+IF([3]AST!J155="","",[3]AST!J155) -> 404829
D169: 200711 | E169: =+IF([3]AST!B156="","",[3]AST!B156) -> 403929 | F169: =+IF([3]AST!C156="","",[3]AST!C156) -> 120.49398 | G169: =+IF([3]AST!D156="","",[3]AST!D156) -> 123.854 | H169: =+IF([3]AST!E156="","",[3]AST!E156) -> 123.236 | I169: =+IF([3]AST!F156="","",[3]AST!F156) -> 231994 | J169: =+IF([3]AST!G156="","",[3]AST!G156) -> 88796 | K169: =+IF([3]AST!H156="","",[3]AST!H156) -> 2098 | L169: =+IF([3]AST!I156="","",[3]AST!I156) -> 85.52 | M169: =+IF([3]AST!J156="","",[3]AST!J156) -> 403929
D170: 200712 | E170: =+IF([3]AST!B157="","",[3]AST!B157) -> 405491 | F170: =+IF([3]AST!C157="","",[3]AST!C157) -> 129.09542 | G170: =+IF([3]AST!D157="","",[3]AST!D157) -> 154.108 | H170: =+IF([3]AST!E157="","",[3]AST!E157) -> 108.92 | I170: =+IF([3]AST!F157="","",[3]AST!F157) -> 176987 | J170: =+IF([3]AST!G157="","",[3]AST!G157) -> 87110 | K170: =+IF([3]AST!H157="","",[3]AST!H157) -> 1103 | L170: =+IF([3]AST!I157="","",[3]AST!I157) -> 85.851 | M170: =+IF([3]AST!J157="","",[3]AST!J157) -> 405491
... D446: 203012 | E446: =+IF([3]AST!B433="","",[3]AST!B433) | F446: =+IF([3]AST!C433="","",[3]AST!C433) | G446: =+IF([3]AST!D433="","",[3]AST!D433) | H446: =+IF([3]AST!E433="","",[3]AST!E433) | I446: =+IF([3]AST!F433="","",[3]AST!F433) | J446: =+IF([3]AST!G433="","",[3]AST!G433) | K446: =+IF([3]AST!H433="","",[3]AST!H433) | L446: =+IF([3]AST!I433="","",[3]AST!I433) | M446: =+IF([3]AST!J433="","",[3]AST!J433)

Sheet BAL
D1: Acrónimo | E1: AFI | F1: IAS | G1: ICM | H1: IPI | I1: PER | J1: GAS | K1: HIP | L1: IPC | M1: AFIE | N1: PIB | O1: PIB_CCAA
D2: SA | E2: 0 | F2: 0 | G2: 0 | H2: 0 | I2: 0 | J2: 0 | K2: 0 | L2: 0 | M2: 0 | N2: 0 | O2: 0
D3: DEF | E3: 1 | F3: 1 | G3: 1 | H3: 1 | I3: 1 | J3: 1 | K3: 1 | L3: 1 | M3: 1 | N3: 1 | O3: 1
D4: Serie | E4: afiliados | F4: creditos | G4: depositos | H4: consumo productos petro | I4: hipotecas | J4: indice actividad serviciios | K4: indice comercio al por menor | L4: indice comercio al por menor | M4: indice comercio al por menor | N4: PIB ESPAÑA | O4: PIB ccaa
D5: Enlaces y Deflactores
D6: Fecha INI MOD | E6: 34700 | F6: 34700 | G6: 34700 | H6: 34731 | I6: 34759 | J6: 34790 | K6: 34820 | L6: 34851 | M6: 34881 | N6: 34973 | O6: 35004
D7: Cod | E7: SC | F7: 190000m | G7: 229000cc.d | H7: 229000cc.d | I7: 229000cc.d | J7: 229000cc.d | K7: 229000cc.d | L7: 229000cc.d | M7: 229000cc.d | N7: 229000cc.d | O7: 229000cc.d
D8: Año | E8: 1995 | F8: 2005 | G8: 2001 | H8: 1995 | I8: 1995 | J8: 1997 | K8: 1995 | L8: 1995 | M8: 1995 | N8: 1995 | O8: 2000
D9: Freq | E9: 12 | F9: 12 | G9: 12 | H9: 12 | I9: 12 | J9: 12 | K9: 12 | L9: 12 | M9: 12 | N9: 4 | O9: 1
D10: Mes INI | E10: 8 | F10: 1 | G10: 1 | H10: 1 | I10: 1 | J10: 1 | K10: 1 | L10: 1 | M10: 1 | N10: 1 | O10: 0
D11: type | E11: 6 | F11: 6 | G11: 6 | H11: 6 | I11: 6 | J11: 6 | K11: 6 | L11: 6 | M11: 6 | N11: 2 | O11: 1
D12: dlg | E12: 1 | F12: 1 | G12: 1 | H12: 1 | I12: 1 | J12: 1 | K12: 1 | L12: 1 | M12: 1 | N12: 1 | O12: 1
D13: selector | E13: =+AND!E13 -> 1 | F13: =+AND!F13 -> 1 | G13: =+AND!G13 -> 1 | H13: =+AND!H13 -> 1 | I13: =+AND!I13 -> 1 | J13: =+AND!J13 -> 1 | K13: =+AND!K13 -> 1 | L13: =+AND!L13 -> 1 | ... O13: =+AND!O13 -> 1
A14: Posición de outlier---> | D14: outliers | E14: 0 | F14: 0 | G14: 0 | H14: 0 | I14: 0 | J14: 0 | K14: 0 | L14: 0 | M14: 0 | N14: 0 | O14: 0
A15: =VALUE("1/"&C15&"/"&B15) -> 34700 | B15: =LEFT(D15,4) -> 1995 | C15: 1 | D15: 199501 | E15: =+IF([3]BAL!B2="","",[3]BAL!B2) -> 239058.15 | F15: =+IF([3]BAL!C2="","",[3]BAL!C2) | G15: =+IF([3]BAL!D2="","",[3]BAL!D2) | H15: =+IF([3]BAL!E2="","",[3]BAL!E2) -> 142.71337 | I15: =+IF([3]BAL!F2="","",[3]BAL!F2) -> 1508102.7 | J15: =+IF([3]BAL!G2="","",[3]BAL!G2) | K15: =+IF([3]BAL!H2="","",[3]BAL!H2) -> 864.04067 | L15: =+IF([3]BAL!I2="","",[3]BAL!I2) -> 56.38965 | M15: =+IF([3]BAL!J2="","",[3]BAL!J2) -> 239058.15 | N15: =+'[1]Trim CM INICIAL_ECM'!J4 -> 67.016017 | O15: =+[2]anu!B2 -> 84.237632 | P15: 199501 | Q15: 2000
A16: =VALUE("1/"&C16&"/"&B16) -> 34731 | B16: =LEFT(D16,4) -> 1995 | C16: 2 | D16: 199502 | E16: =+IF([3]BAL!B3="","",[3]BAL!B3) -> 243586.82 | F16: =+IF([3]BAL!C3="","",[3]BAL!C3) | G16: =+IF([3]BAL!D3="","",[3]BAL!D3) | H16: =+IF([3]BAL!E3="","",[3]BAL!E3) -> 135.69756 | I16: =+IF([3]BAL!F3="","",[3]BAL!F3) -> 2148542.3 | J16: =+IF([3]BAL!G3="","",[3]BAL!G3) | K16: =+IF([3]BAL!H3="","",[3]BAL!H3) -> 670.70813 | L16: =+IF([3]BAL!I3="","",[3]BAL!I3) -> 56.671599 | M16: =+IF([3]BAL!J3="","",[3]BAL!J3) -> 243586.82 | N16: =+'[1]Trim CM INICIAL_ECM'!J5 -> 67.457788 | O16: =+[2]anu!B3 -> 87.471178 | P16: 199502 | Q16: =+Q15+1 -> 2001
A17: =VALUE("1/"&C17&"/"&B17) -> 34759 | B17: =LEFT(D17,4) -> 1995 | C17: 3 | D17: 199503 | E17: =+IF([3]BAL!B4="","",[3]BAL!B4) -> 256432.9 | F17: =+IF([3]BAL!C4="","",[3]BAL!C4) | G17: =+IF([3]BAL!D4="","",[3]BAL!D4) | H17: =+IF([3]BAL!E4="","",[3]BAL!E4) -> 155.10389 | I17: =+IF([3]BAL!F4="","",[3]BAL!F4) -> 2828871.6 | J17: =+IF([3]BAL!G4="","",[3]BAL!G4) | K17: =+IF([3]BAL!H4="","",[3]BAL!H4) -> 825.55742 | L17: =+IF([3]BAL!I4="","",[3]BAL!I4) -> 57.011628 | M17: =+IF([3]BAL!J4="","",[3]BAL!J4) -> 256432.9 | N17: =+'[1]Trim CM INICIAL_ECM'!J6 -> 67.756519 | O17: =+[2]anu!B4 -> 90.579301 | P17: 199503 | Q17: =+Q16+1 -> 2002
A18: =VALUE("1/"&C18&"/"&B18) -> 34790 | B18: =LEFT(D18,4) -> 1995 | C18: 4 | D18: 199504 | E18: =+IF([3]BAL!B5="","",[3]BAL!B5) -> 271220.48 | F18: =+IF([3]BAL!C5="","",[3]BAL!C5) | G18: =+IF([3]BAL!D5="","",[3]BAL!D5) | H18: =+IF([3]BAL!E5="","",[3]BAL!E5) -> 134.80104 | I18: =+IF([3]BAL!F5="","",[3]BAL!F5) -> 3973753.8 | J18: =+IF([3]BAL!G5="","",[3]BAL!G5) | K18: =+IF([3]BAL!H5="","",[3]BAL!H5) -> 574.5 | L18: =+IF([3]BAL!I5="","",[3]BAL!I5) -> 57.41071 | M18: =+IF([3]BAL!J5="","",[3]BAL!J5) -> 271220.48 | N18: =+'[1]Trim CM INICIAL_ECM'!J7 -> 68.269558 | O18: =+[2]anu!B5 -> 94.186666 | P18: 199504 | Q18: =+Q17+1 -> 2003
A19: =VALUE("1/"&C19&"/"&B19) -> 34820 | B19: =LEFT(D19,4) -> 1995 | C19: 5 | D19: 199505 | E19: =+IF([3]BAL!B6="","",[3]BAL!B6) -> 304036.46 | F19: =+IF([3]BAL!C6="","",[3]BAL!C6) | G19: =+IF([3]BAL!D6="","",[3]BAL!D6) | H19: =+IF([3]BAL!E6="","",[3]BAL!E6) -> 147.19203 | I19: =+IF([3]BAL!F6="","",[3]BAL!F6) -> 8789730.2 | J19: =+IF([3]BAL!G6="","",[3]BAL!G6) | K19: =+IF([3]BAL!H6="","",[3]BAL!H6) -> 1239.7105 | L19: =+IF([3]BAL!I6="","",[3]BAL!I6) -> 57.525531 | M19: =+IF([3]BAL!J6="","",[3]BAL!J6) -> 304036.46 | N19: =+'[1]Trim CM INICIAL_ECM'!J8 -> 68.661842 | O19: =+[2]anu!B6 -> 97.421534 | P19: 199601 | Q19: =+Q18+1 -> 2004
A20: =VALUE("1/"&C20&"/"&B20) -> 34851 | B20: =LEFT(D20,4) -> 1995 | C20: 6 | D20: 199506 | E20: =+IF([3]BAL!B7="","",[3]BAL!B7) -> 317139.31 | F20: =+IF([3]BAL!C7="","",[3]BAL!C7) | G20: =+IF([3]BAL!D7="","",[3]BAL!D7) | H20: =+IF([3]BAL!E7="","",[3]BAL!E7) -> 150.02778 | I20: =+IF([3]BAL!F7="","",[3]BAL!F7) -> 10130405 | J20: =+IF([3]BAL!G7="","",[3]BAL!G7) | K20: =+IF([3]BAL!H7="","",[3]BAL!H7) -> 1094.0239 | L20: =+IF([3]BAL!I7="","",[3]BAL!I7) -> 57.583057 | M20: =+IF([3]BAL!J7="","",[3]BAL!J7) -> 317139.31 | N20: =+'[1]Trim CM INICIAL_ECM'!J9 -> 69.136714 | O20: =+[2]anu!B7 -> 100.69843 | P20: 199602 | Q20: =+Q19+1 -> 2005
A21: =VALUE("1/"&C21&"/"&B21) -> 34881 | B21: =LEFT(D21,4) -> 1995 | C21: 7 | D21: 199507 | E21: =+IF([3]BAL!B8="","",[3]BAL!B8) -> 323137.54 | F21: =+IF([3]BAL!C8="","",[3]BAL!C8) | G21: =+IF([3]BAL!D8="","",[3]BAL!D8) | H21: =+IF([3]BAL!E8="","",[3]BAL!E8) -> 152.41624 | I21: =+IF([3]BAL!F8="","",[3]BAL!F8) -> 11142872 | J21: =+IF([3]BAL!G8="","",[3]BAL!G8) | K21: =+IF([3]BAL!H8="","",[3]BAL!H8) -> 651.46651 | L21: =+IF([3]BAL!I8="","",[3]BAL!I8) -> 57.870972 | M21: =+IF([3]BAL!J8="","",[3]BAL!J8) -> 323137.54 | N21: =+'[1]Trim CM INICIAL_ECM'!J10 -> 69.703856 | O21: =+[2]anu!B8 -> 104.7389 | P21: 199603 | Q21: =+Q20+1 -> 2006
A22: =VALUE("1/"&C22&"/"&B22) -> 34912 | B22: =LEFT(D22,4) -> 1995 | C22: 8 | D22: 199508 | E22: =+IF([3]BAL!B9="","",[3]BAL!B9) -> 326325.81 | F22: =+IF([3]BAL!C9="","",[3]BAL!C9) | G22: =+IF([3]BAL!D9="","",[3]BAL!D9) | H22: =+IF([3]BAL!E9="","",[3]BAL!E9) -> 116.14128 | I22: =+IF([3]BAL!F9="","",[3]BAL!F9) -> 11381928 | J22: =+IF([3]BAL!G9="","",[3]BAL!G9) | K22: =+IF([3]BAL!H9="","",[3]BAL!H9) -> 669.79187 | L22: =+IF([3]BAL!I9="","",[3]BAL!I9) -> 57.813101 | M22: =+IF([3]BAL!J9="","",[3]BAL!J9) -> 326325.81 | N22: =+'[1]Trim CM INICIAL_ECM'!J11 -> 70.050606 | O22: =+[2]anu!B9 -> 108.3741 | P22: 199604 | Q22: =+Q21+1 -> 2007
A23: =VALUE("1/"&C23&"/"&B23) -> 34943 | B23: =LEFT(D23,4) -> 1995 | C23: 9 | D23: 199509 | E23: =+IF([3]BAL!B10="","",[3]BAL!B10) -> 323098.28 | F23: =+IF([3]BAL!C10="","",[3]BAL!C10) | G23: =+IF([3]BAL!D10="","",[3]BAL!D10) | H23: =+IF([3]BAL!E10="","",[3]BAL!E10) -> 141.66853 | I23: =+IF([3]BAL!F10="","",[3]BAL!F10) -> 10030139 | J23: =+IF([3]BAL!G10="","",[3]BAL!G10) | K23: =+IF([3]BAL!H10="","",[3]BAL!H10) -> 621.22967 | L23: =+IF([3]BAL!I10="","",[3]BAL!I10) -> 57.928727 | M23: =+IF([3]BAL!J10="","",[3]BAL!J10) -> 323098.28 | N23: =+'[1]Trim CM INICIAL_ECM'!J12 -> 70.749209 | O23: =+[2]anu!B10 -> 108.48215 | P23: 199701 | Q23: =+Q22+1 -> 2008
A24: =VALUE("1/"&C24&"/"&B24) -> 34973 | B24: =LEFT(D24,4) -> 1995 | C24: 10 | D24: 199510 | E24: =+IF([3]BAL!B11="","",[3]BAL!B11) -> 296245.39 | F24: =+IF([3]BAL!C11="","",[3]BAL!C11) | G24: =+IF([3]BAL!D11="","",[3]BAL!D11) | H24: =+IF([3]BAL!E11="","",[3]BAL!E11) -> 141.51891 | I24: =+IF([3]BAL!F11="","",[3]BAL!F11) -> 5917957.2 | J24: =+IF([3]BAL!G11="","",[3]BAL!G11) | K24: =+IF([3]BAL!H11="","",[3]BAL!H11) -> 567.16986 | L24: =+IF([3]BAL!I11="","",[3]BAL!I11) -> 58.218371 | M24: =+IF([3]BAL!J11="","",[3]BAL!J11) -> 296245.39 | N24: =+'[1]Trim CM INICIAL_ECM'!J13 -> 71.387254 | O24: =+[2]anu!B11 -> 104.02309 | P24: 199702 | Q24: =+Q23+1 -> 2009
A25: =VALUE("1/"&C25&"/"&B25) -> 35004 | B25: =LEFT(D25,4) -> 1995 | C25: 11 | D25: 199511 | E25: =+IF([3]BAL!B12="","",[3]BAL!B12) -> 258669.63 | F25: =+IF([3]BAL!C12="","",[3]BAL!C12) | G25: =+IF([3]BAL!D12="","",[3]BAL!D12) | H25: =+IF([3]BAL!E12="","",[3]BAL!E12) -> 144.80332 | I25: =+IF([3]BAL!F12="","",[3]BAL!F12) -> 1442170.1 | J25: =+IF([3]BAL!G12="","",[3]BAL!G12) | K25: =+IF([3]BAL!H12="","",[3]BAL!H12) -> 1031.7177 | L25: =+IF([3]BAL!I12="","",[3]BAL!I12) -> 58.334808 | M25: =+IF([3]BAL!J12="","",[3]BAL!J12) -> 258669.63 | N25: =+'[1]Trim CM INICIAL_ECM'!J14 -> 72.179702 | O25: =+[2]anu!B12 -> 102.64082 | P25: 199703 | Q25: =+Q24+1 -> 2010
A26: =VALUE("1/"&C26&"/"&B26) -> 35034 | B26: =LEFT(D26,4) -> 1995 | C26: 12 | D26: 199512 | E26: =+IF([3]BAL!B13="","",[3]BAL!B13) -> 251985.4 | F26: =+IF([3]BAL!C13="","",[3]BAL!C13) | G26: =+IF([3]BAL!D13="","",[3]BAL!D13) | H26: =+IF([3]BAL!E13="","",[3]BAL!E13) -> 133.6068 | I26: =+IF([3]BAL!F13="","",[3]BAL!F13) -> 1227219.5 | J26: =+IF([3]BAL!G13="","",[3]BAL!G13) | K26: =+IF([3]BAL!H13="","",[3]BAL!H13) -> 481.95694 | L26: =+IF([3]BAL!I13="","",[3]BAL!I13) -> 58.451477 | M26: =+IF([3]BAL!J13="","",[3]BAL!J13) -> 251985.4 | N26: =+'[1]Trim CM INICIAL_ECM'!J15 -> 73.193535 | O26: =+[2]anu!B13 -> 102.3609 | P26: 199704 | Q26: =+Q25+1 -> 2011
A27: =VALUE("1/"&C27&"/"&B27) -> 35065 | B27: =LEFT(D27,4) -> 1996 | C27: 1 | D27: 199601 | E27: =+IF([3]BAL!B14="","",[3]BAL!B14) -> 248490.62 | F27: =+IF([3]BAL!C14="","",[3]BAL!C14) | G27: =+IF([3]BAL!D14="","",[3]BAL!D14) | H27: =+IF([3]BAL!E14="","",[3]BAL!E14) -> 142.56408 | I27: =+IF([3]BAL!F14="","",[3]BAL!F14) -> 1097479 | J27: =+IF([3]BAL!G14="","",[3]BAL!G14) | K27: =+IF([3]BAL!H14="","",[3]BAL!H14) -> 1112.3493 | L27: =+IF([3]BAL!I14="","",[3]BAL!I14) -> 58.802186 | M27: =+IF([3]BAL!J14="","",[3]BAL!J14) -> 248490.62 | N27: =+'[1]Trim CM INICIAL_ECM'!J16 -> 73.809914 | O27: =+[2]anu!B14 -> 98.790917 | P27: 199801 | Q27: =+Q26+1 -> 2012
... A45: =VALUE("1/"&C45&"/"&B45) -> 35612 | B45: =LEFT(D45,4) -> 1997 | C45: 7 | D45: 199707 | E45: =+IF([3]BAL!B32="","",[3]BAL!B32) -> 345754.23 | F45: =+IF([3]BAL!C32="","",[3]BAL!C32) | G45: =+IF([3]BAL!D32="","",[3]BAL!D32) | H45: =+IF([3]BAL!E32="","",[3]BAL!E32) -> 160.17887 | I45: =+IF([3]BAL!F32="","",[3]BAL!F32) -> 10792958 | J45: =+IF([3]BAL!G32="","",[3]BAL!G32) -> 75567 | K45: =+IF([3]BAL!H32="","",[3]BAL!H32) -> 770.58134 | L45: =+IF([3]BAL!I32="","",[3]BAL!I32) -> 61.075646 | M45: =+IF([3]BAL!J32="","",[3]BAL!J32) -> 345754.23 | N45: =+'[1]Trim CM INICIAL_ECM'!J34 -> 88.1866 | O45: =+[2]anu!B32 -> 133.35611 | P45: 200203 | Q45: =+Q44+1 -> 2030
A46: =VALUE("1/"&C46&"/"&B46) -> 35643 | B46: =LEFT(D46,4) -> 1997 | C46: 8 | D46: 199708 | E46: =+IF([3]BAL!B33="","",[3]BAL!B33) -> 350998.14 | F46: =+IF([3]BAL!C33="","",[3]BAL!C33) | G46: =+IF([3]BAL!D33="","",[3]BAL!D33) | H46: =+IF([3]BAL!E33="","",[3]BAL!E33) -> 119.12692 | I46: =+IF([3]BAL!F33="","",[3]BAL!F33) -> 11625183 | J46: =+IF([3]BAL!G33="","",[3]BAL!G33) -> 87640 | K46: =+IF([3]BAL!H33="","",[3]BAL!H33) -> 825.55742 | L46: =+IF([3]BAL!I33="","",[3]BAL!I33) -> 61.503176 | M46: =+IF([3]BAL!J33="","",[3]BAL!J33) -> 350998.14 | N46: =+'[1]Trim CM INICIAL_ECM'!J35 -> 88.87513 | P46: 200204
A47: =VALUE("1/"&C47&"/"&B47) -> 35674 | B47: =LEFT(D47,4) -> 1997 | C47: 9 | D47: 199709 | E47: =+IF([3]BAL!B34="","",[3]BAL!B34) -> 345562 | F47: =+IF([3]BAL!C34="","",[3]BAL!C34) | G47: =+IF([3]BAL!D34="","",[3]BAL!D34) | H47: =+IF([3]BAL!E34="","",[3]BAL!E34) -> 150.17759 | I47: =+IF([3]BAL!F34="","",[3]BAL!F34) -> 9524207.1 | J47: =+IF([3]BAL!G34="","",[3]BAL!G34) -> 68091 | K47: =+IF([3]BAL!H34="","",[3]BAL!H34) -> 1105.9354 | L47: =+IF([3]BAL!I34="","",[3]BAL!I34) -> 61.687685 | M47: =+IF([3]BAL!J34="","",[3]BAL!J34) -> 345562 | N47: =+'[1]Trim CM INICIAL_ECM'!J36 -> 89.731812 | P47: 200301
A48: =VALUE("1/"&C48&"/"&B48) -> 35704 | B48: =LEFT(D48,4) -> 1997 | C48: 10 | D48: 199710 | E48: =+IF([3]BAL!B35="","",[3]BAL!B35) -> 320488.83 | F48: =+IF([3]BAL!C35="","",[3]BAL!C35) | G48: =+IF([3]BAL!D35="","",[3]BAL!D35) | H48: =+IF([3]BAL!E35="","",[3]BAL!E35) -> 156.29779 | I48: =+IF([3]BAL!F35="","",[3]BAL!F35) -> 5941079.6 | J48: =+IF([3]BAL!G35="","",[3]BAL!G35) -> 57382 | K48: =+IF([3]BAL!H35="","",[3]BAL!H35) -> 911.6866 | L48: =+IF([3]BAL!I35="","",[3]BAL!I35) -> 61.625998 | M48: =+IF([3]BAL!J35="","",[3]BAL!J35) -> 320488.83 | N48: =+'[1]Trim CM INICIAL_ECM'!J37 -> 90.07568 | P48: 200302
A49: =VALUE("1/"&C49&"/"&B49) -> 35735 | B49: =LEFT(D49,4) -> 1997 | C49: 11 | D49: 199711 | E49: =+IF([3]BAL!B36="","",[3]BAL!B36) -> 282463.38 | F49: =+IF([3]BAL!C36="","",[3]BAL!C36) | G49: =+IF([3]BAL!D36="","",[3]BAL!D36) | H49: =+IF([3]BAL!E36="","",[3]BAL!E36) -> 146.74399 | I49: =+IF([3]BAL!F36="","",[3]BAL!F36) -> 1392831.7 | J49: =+IF([3]BAL!G36="","",[3]BAL!G36) -> 51140 | K49: =+IF([3]BAL!H36="","",[3]BAL!H36) -> 981.32297 | L49: =+IF([3]BAL!I36="","",[3]BAL!I36) -> 61.74925 | M49: =+IF([3]BAL!J36="","",[3]BAL!J36) -> 282463.38 | N49: =+'[1]Trim CM INICIAL_ECM'!J38 -> 90.746529 | P49: 200303
A50: =VALUE("1/"&C50&"/"&B50) -> 35765 | B50: =LEFT(D50,4) -> 1997 | C50: 12 | D50: 199712 | E50: =+IF([3]BAL!B37="","",[3]BAL!B37) -> 272625.85 | F50: =+IF([3]BAL!C37="","",[3]BAL!C37) | G50: =+IF([3]BAL!D37="","",[3]BAL!D37) | H50: =+IF([3]BAL!E37="","",[3]BAL!E37) -> 145.5493 | I50: =+IF([3]BAL!F37="","",[3]BAL!F37) -> 1082783 | J50: =+IF([3]BAL!G37="","",[3]BAL!G37) -> 49103 | K50: =+IF([3]BAL!H37="","",[3]BAL!H37) -> 1083.945 | L50: =+IF([3]BAL!I37="","",[3]BAL!I37) -> 61.810999 | M50: =+IF([3]BAL!J37="","",[3]BAL!J37) -> 272625.85 | N50: =+'[1]Trim CM INICIAL_ECM'!J39 -> 91.507449 | P50: 200304
A51: =VALUE("1/"&C51&"/"&B51) -> 35796 | B51: =LEFT(D51,4) -> 1998 | C51: 1 | D51: 199801 | E51: =+IF([3]BAL!B38="","",[3]BAL!B38) -> 270298.58 | F51: =+IF([3]BAL!C38="","",[3]BAL!C38) | G51: =+IF([3]BAL!D38="","",[3]BAL!D38) | H51: =+IF([3]BAL!E38="","",[3]BAL!E38) -> 144.20618 | I51: =+IF([3]BAL!F38="","",[3]BAL!F38) -> 1376104.6 | J51: =+IF([3]BAL!G38="","",[3]BAL!G38) -> 49575 | K51: =+IF([3]BAL!H38="","",[3]BAL!H38) -> 1302.0167 | L51: =+IF([3]BAL!I38="","",[3]BAL!I38) -> 61.87281 | M51: =+IF([3]BAL!J38="","",[3]BAL!J38) -> 270298.58 | N51: =+'[1]Trim CM INICIAL_ECM'!J40 -> 92.042783 | P51: 200401
A52: =VALUE("1/"&C52&"/"&B52) -> 35827 | B52: =LEFT(D52,4) -> 1998 | C52: 2 | D52: 199802 | E52: =+IF([3]BAL!B39="","",[3]BAL!B39) -> 278603.24 | F52: =+IF([3]BAL!C39="","",[3]BAL!C39) | G52: =+IF([3]BAL!D39="","",[3]BAL!D39) | H52: =+IF([3]BAL!E39="","",[3]BAL!E39) -> 145.55019 | I52: =+IF([3]BAL!F39="","",[3]BAL!F39) -> 1770917.7 | J52: =+IF([3]BAL!G39="","",[3]BAL!G39) -> 33511 | K52: =+IF([3]BAL!H39="","",[3]BAL!H39) -> 1488.0191 | L52: =+IF([3]BAL!I39="","",[3]BAL!I39) -> 61.87281 | M52: =+IF([3]BAL!J39="","",[3]BAL!J39) -> 278603.24 | N52: =+'[1]Trim CM INICIAL_ECM'!J41 -> 93.020239 | P52: 200402
A53: =VALUE("1/"&C53&"/"&B53) -> 35855 | B53: =LEFT(D53,4) -> 1998 | C53: 3 | D53: 199803 | E53: =+IF([3]BAL!B40="","",[3]BAL!B40) -> 293785.3 | F53: =+IF([3]BAL!C40="","",[3]BAL!C40) | G53: =+IF([3]BAL!D40="","",[3]BAL!D40) | H53: =+IF([3]BAL!E40="","",[3]BAL!E40) -> 155.40245 | I53: =+IF([3]BAL!F40="","",[3]BAL!F40) -> 2575083.3 | J53: =+IF([3]BAL!G40="","",[3]BAL!G40) -> 39141 | K53: =+IF([3]BAL!H40="","",[3]BAL!H40) -> 1251.622 | L53: =+IF([3]BAL!I40="","",[3]BAL!I40) -> 61.934683 | M53: =+IF([3]BAL!J40="","",[3]BAL!J40) -> 293785.3 | N53: =+'[1]Trim CM INICIAL_ECM'!J42 -> 93.804639 | P53: 200403
A54: =VALUE("1/"&C54&"/"&B54) -> 35886 | B54: =LEFT(D54,4) -> 1998 | C54: 4 | D54: 199804 | E54: =+IF([3]BAL!B41="","",[3]BAL!B41) -> 314790.37 | F54: =+IF([3]BAL!C41="","",[3]BAL!C41) | G54: =+IF([3]BAL!D41="","",[3]BAL!D41) | H54: =+IF([3]BAL!E41="","",[3]BAL!E41) -> 147.04211 | I54: =+IF([3]BAL!F41="","",[3]BAL!F41) -> 3748936.3 | J54: =+IF([3]BAL!G41="","",[3]BAL!G41) -> 43117 | K54: =+IF([3]BAL!H41="","",[3]BAL!H41) -> 1293.7703 | L54: =+IF([3]BAL!I41="","",[3]BAL!I41) -> 62.058552 | M54: =+IF([3]BAL!J41="","",[3]BAL!J41) -> 314790.37 | N54: =+'[1]Trim CM INICIAL_ECM'!J43 -> 94.47041 | P54: 200404
A55: =VALUE("1/"&C55&"/"&B55) -> 35916 | B55: =LEFT(D55,4) -> 1998 | C55: 5 | D55: 199805 | E55: =+IF([3]BAL!B42="","",[3]BAL!B42) -> 342968.91 | F55: =+IF([3]BAL!C42="","",[3]BAL!C42) | G55: =+IF([3]BAL!D42="","",[3]BAL!D42) | H55: =+IF([3]BAL!E42="","",[3]BAL!E42) -> 146.89346 | I55: =+IF([3]BAL!F42="","",[3]BAL!F42) -> 8127713.8 | J55: =+IF([3]BAL!G42="","",[3]BAL!G42) -> 43426 | K55: =+IF([3]BAL!H42="","",[3]BAL!H42) -> 1313.9282 | L55: =+IF([3]BAL!I42="","",[3]BAL!I42) -> 62.244728 | M55: =+IF([3]BAL!J42="","",[3]BAL!J42) -> 342968.91 | N55: =+'[1]Trim CM INICIAL_ECM'!J44 -> 95.314485 | P55: 200501
A56: =VALUE("1/"&C56&"/"&B56) -> 35947 | B56: =LEFT(D56,4) -> 1998 | C56: 6 | D56: 199806 | E56: =+IF([3]BAL!B43="","",[3]BAL!B43) -> 361861.4 | F56: =+IF([3]BAL!C43="","",[3]BAL!C43) | G56: =+IF([3]BAL!D43="","",[3]BAL!D43) | H56: =+IF([3]BAL!E43="","",[3]BAL!E43) -> 154.50622 | I56: =+IF([3]BAL!F43="","",[3]BAL!F43) -> 9686007.2 | J56: =+IF([3]BAL!G43="","",[3]BAL!G43) -> 46678 | K56: =+IF([3]BAL!H43="","",[3]BAL!H43) -> 1593.39 | L56: =+IF([3]BAL!I43="","",[3]BAL!I43) -> 62.306972 | M56: =+IF([3]BAL!J43="","",[3]BAL!J43) -> 361861.4 | N56: =+'[1]Trim CM INICIAL_ECM'!J45 -> 96.160515 | P56: 200502
A57: =VALUE("1/"&C57&"/"&B57) -> 35977 | B57: =LEFT(D57,4) -> 1998 | C57: 7 | D57: 199807 | E57: =+IF([3]BAL!B44="","",[3]BAL!B44) -> 368856.18 | F57: =+IF([3]BAL!C44="","",[3]BAL!C44) | G57: =+IF([3]BAL!D44="","",[3]BAL!D44) | H57: =+IF([3]BAL!E44="","",[3]BAL!E44) -> 170.18072 | I57: =+IF([3]BAL!F44="","",[3]BAL!F44) -> 10880637 | J57: =+IF([3]BAL!G44="","",[3]BAL!G44) -> 63584 | K57: =+IF([3]BAL!H44="","",[3]BAL!H44) -> 1794.0526 | L57: =+IF([3]BAL!I44="","",[3]BAL!I44) -> 62.493893 | M57: =+IF([3]BAL!J44="","",[3]BAL!J44) -> 368856.18 | N57: =+'[1]Trim CM INICIAL_ECM'!J46 -> 97.081208 | P57: 200503
... A115: =VALUE("1/"&C115&"/"&B115) -> 37742 | B115: =LEFT(D115,4) -> 2003 | C115: 5 | D115: 200305 | E115: =+IF([3]BAL!B102="","",[3]BAL!B102) -> 419746.11 | F115: =+IF([3]BAL!C102="","",[3]BAL!C102) | G115: =+IF([3]BAL!D102="","",[3]BAL!D102) -> 104.619 | H115: =+IF([3]BAL!E102="","",[3]BAL!E102) -> 194.751 | I115: =+IF([3]BAL!F102="","",[3]BAL!F102) -> 6569829 | J115: =+IF([3]BAL!G102="","",[3]BAL!G102) -> 96104 | K115: =+IF([3]BAL!H102="","",[3]BAL!H102) -> 2225 | L115: =+IF([3]BAL!I102="","",[3]BAL!I102) -> 73.408 | M115: =+IF([3]BAL!J102="","",[3]BAL!J102) -> 419746.11 | N115: =+'[1]Trim CM INICIAL_ECM'!J104 -> 107.10463 | P115: 202001
D116: 200306 | E116: =+IF([3]BAL!B103="","",[3]BAL!B103) -> 436249.12 | F116: =+IF([3]BAL!C103="","",[3]BAL!C103) | G116: =+IF([3]BAL!D103="","",[3]BAL!D103) -> 114.33 | H116: =+IF([3]BAL!E103="","",[3]BAL!E103) -> 209.702 | I116: =+IF([3]BAL!F103="","",[3]BAL!F103) -> 8941235 | J116: =+IF([3]BAL!G103="","",[3]BAL!G103) -> 98025 | K116: =+IF([3]BAL!H103="","",[3]BAL!H103) -> 2074 | L116: =+IF([3]BAL!I103="","",[3]BAL!I103) -> 73.435 | M116: =+IF([3]BAL!J103="","",[3]BAL!J103) -> 436249.12 | N116: =+'[1]Trim CM INICIAL_ECM'!J105 -> 88.050276 | P116: 202002
D117: 200307 | E117: =+IF([3]BAL!B104="","",[3]BAL!B104) -> 444449.34 | F117: =+IF([3]BAL!C104="","",[3]BAL!C104) | G117: =+IF([3]BAL!D104="","",[3]BAL!D104) -> 127.626 | H117: =+IF([3]BAL!E104="","",[3]BAL!E104) -> 239.21 | I117: =+IF([3]BAL!F104="","",[3]BAL!F104) -> 10502331 | J117: =+IF([3]BAL!G104="","",[3]BAL!G104) -> 123302 | K117: =+IF([3]BAL!H104="","",[3]BAL!H104) -> 2143 | L117: =+IF([3]BAL!I104="","",[3]BAL!I104) -> 73.532 | M117: =+IF([3]BAL!J104="","",[3]BAL!J104) -> 444449.34 | N117: =+'[1]Trim CM INICIAL_ECM'!J106 -> 102.0523 | P117: 202003
D118: 200308 | E118: =+IF([3]BAL!B105="","",[3]BAL!B105) -> 444911.44 | F118: =+IF([3]BAL!C105="","",[3]BAL!C105) | G118: =+IF([3]BAL!D105="","",[3]BAL!D105) -> 122.187 | H118: =+IF([3]BAL!E105="","",[3]BAL!E105) -> 184.128 | I118: =+IF([3]BAL!F105="","",[3]BAL!F105) -> 11694580 | J118: =+IF([3]BAL!G105="","",[3]BAL!G105) -> 128587 | K118: =+IF([3]BAL!H105="","",[3]BAL!H105) -> 1847 | L118: =+IF([3]BAL!I105="","",[3]BAL!I105) -> 73.528 | M118: =+IF([3]BAL!J105="","",[3]BAL!J105) -> 444911.44 | N118: =+'[1]Trim CM INICIAL_ECM'!J107 -> 102.79279 | P118: 202004
D119: 200309 | E119: =+IF([3]BAL!B106="","",[3]BAL!B106) -> 433848.42 | F119: =+IF([3]BAL!C106="","",[3]BAL!C106) | G119: =+IF([3]BAL!D106="","",[3]BAL!D106) -> 116.545 | H119: =+IF([3]BAL!E106="","",[3]BAL!E106) -> 190.423 | I119: =+IF([3]BAL!F106="","",[3]BAL!F106) -> 9170504 | J119: =+IF([3]BAL!G106="","",[3]BAL!G106) -> 119567 | K119: =+IF([3]BAL!H106="","",[3]BAL!H106) -> 2269 | L119: =+IF([3]BAL!I106="","",[3]BAL!I106) -> 73.604 | M119: =+IF([3]BAL!J106="","",[3]BAL!J106) -> 433848.42 | N119: =+'[1]Trim CM INICIAL_ECM'!J108 -> 104.02811 | P119: 202101
D120: 200310 | E120: =+IF([3]BAL!B107="","",[3]BAL!B107) -> 407467.75 | F120: =+IF([3]BAL!C107="","",[3]BAL!C107) | G120: =+IF([3]BAL!D107="","",[3]BAL!D107) -> 107.128 | H120: =+IF([3]BAL!E107="","",[3]BAL!E107) -> 182.555 | I120: =+IF([3]BAL!F107="","",[3]BAL!F107) -> 5456828 | J120: =+IF([3]BAL!G107="","",[3]BAL!G107) -> 85889 | K120: =+IF([3]BAL!H107="","",[3]BAL!H107) -> 2159 | L120: =+IF([3]BAL!I107="","",[3]BAL!I107) -> 73.785 | M120: =+IF([3]BAL!J107="","",[3]BAL!J107) -> 407467.75 | N120: =+'[1]Trim CM INICIAL_ECM'!J109 -> 105.45424 | P120: 202102
D121: 200311 | E121: =+IF([3]BAL!B108="","",[3]BAL!B108) -> 365035.96 | F121: =+IF([3]BAL!C108="","",[3]BAL!C108) | G121: =+IF([3]BAL!D108="","",[3]BAL!D108) -> 82.196 | H121: =+IF([3]BAL!E108="","",[3]BAL!E108) -> 155.998 | I121: =+IF([3]BAL!F108="","",[3]BAL!F108) -> 695896 | J121: =+IF([3]BAL!G108="","",[3]BAL!G108) -> 90911 | K121: =+IF([3]BAL!H108="","",[3]BAL!H108) -> 2004 | L121: =+IF([3]BAL!I108="","",[3]BAL!I108) -> 74.155 | M121: =+IF([3]BAL!J108="","",[3]BAL!J108) -> 365035.96 | N121: =+'[1]Trim CM INICIAL_ECM'!J110 -> 107.53285 | P121: 202103
D122: 200312 | E122: =+IF([3]BAL!B109="","",[3]BAL!B109) -> 350624.51 | F122: =+IF([3]BAL!C109="","",[3]BAL!C109) | G122: =+IF([3]BAL!D109="","",[3]BAL!D109) -> 99.8 | H122: =+IF([3]BAL!E109="","",[3]BAL!E109) -> 162.489 | I122: =+IF([3]BAL!F109="","",[3]BAL!F109) -> 467225 | J122: =+IF([3]BAL!G109="","",[3]BAL!G109) -> 88485 | K122: =+IF([3]BAL!H109="","",[3]BAL!H109) -> 2101 | L122: =+IF([3]BAL!I109="","",[3]BAL!I109) -> 74.189 | M122: =+IF([3]BAL!J109="","",[3]BAL!J109) -> 350624.51 | N122: =+'[1]Trim CM INICIAL_ECM'!J111 -> 109.71738 | P122: 202104
D123: 200401 | E123: =+IF([3]BAL!B110="","",[3]BAL!B110) -> 347655 | F123: =+IF([3]BAL!C110="","",[3]BAL!C110) | G123: =+IF([3]BAL!D110="","",[3]BAL!D110) -> 88.972 | H123: =+IF([3]BAL!E110="","",[3]BAL!E110) -> 165.637 | I123: =+IF([3]BAL!F110="","",[3]BAL!F110) -> 572257 | J123: =+IF([3]BAL!G110="","",[3]BAL!G110) -> 80316 | K123: =+IF([3]BAL!H110="","",[3]BAL!H110) -> 2472 | L123: =+IF([3]BAL!I110="","",[3]BAL!I110) -> 73.761 | M123: =+IF([3]BAL!J110="","",[3]BAL!J110) -> 347655 | N123: =+'[1]Trim CM INICIAL_ECM'!J112 -> 111.44189 | P123: 202201
D124: 200402 | E124: =+IF([3]BAL!B111="","",[3]BAL!B111) -> 357217 | F124: =+IF([3]BAL!C111="","",[3]BAL!C111) | G124: =+IF([3]BAL!D111="","",[3]BAL!D111) -> 76.112 | H124: =+IF([3]BAL!E111="","",[3]BAL!E111) -> 185.702 | I124: =+IF([3]BAL!F111="","",[3]BAL!F111) -> 1082581 | J124: =+IF([3]BAL!G111="","",[3]BAL!G111) -> 76380 | K124: =+IF([3]BAL!H111="","",[3]BAL!H111) -> 2446 | L124: =+IF([3]BAL!I111="","",[3]BAL!I111) -> 73.881 | M124: =+IF([3]BAL!J111="","",[3]BAL!J111) -> 357217 | N124: =+'[1]Trim CM INICIAL_ECM'!J113 -> 113.33779 | P124: 202202
D125: 200403 | E125: =+IF([3]BAL!B112="","",[3]BAL!B112) -> 368227 | F125: =+IF([3]BAL!C112="","",[3]BAL!C112) | G125: =+IF([3]BAL!D112="","",[3]BAL!D112) -> 85.365 | H125: =+IF([3]BAL!E112="","",[3]BAL!E112) -> 191.997 | I125: =+IF([3]BAL!F112="","",[3]BAL!F112) -> 1648563 | J125: =+IF([3]BAL!G112="","",[3]BAL!G112) -> 103466 | K125: =+IF([3]BAL!H112="","",[3]BAL!H112) -> 2544 | L125: =+IF([3]BAL!I112="","",[3]BAL!I112) -> 74.348 | M125: =+IF([3]BAL!J112="","",[3]BAL!J112) -> 368227 | N125: =+'[1]Trim CM INICIAL_ECM'!J114 -> 114.26243 | P125: 202203
D126: 200404 | E126: =+IF([3]BAL!B113="","",[3]BAL!B113) -> 389210 | F126: =+IF([3]BAL!C113="","",[3]BAL!C113) | G126: =+IF([3]BAL!D113="","",[3]BAL!D113) -> 95.435 | H126: =+IF([3]BAL!E113="","",[3]BAL!E113) -> 177.243 | I126: =+IF([3]BAL!F113="","",[3]BAL!F113) -> 2628773 | J126: =+IF([3]BAL!G113="","",[3]BAL!G113) -> 76144 | K126: =+IF([3]BAL!H113="","",[3]BAL!H113) -> 2245 | L126: =+IF([3]BAL!I113="","",[3]BAL!I113) -> 75.071 | M126: =+IF([3]BAL!J113="","",[3]BAL!J113) -> 389210 | N126: =+'[1]Trim CM INICIAL_ECM'!J115 -> 114.87482 | P126: 202204
D127: 200405 | E127: =+IF([3]BAL!B114="","",[3]BAL!B114) -> 423976 | F127: =+IF([3]BAL!C114="","",[3]BAL!C114) | G127: =+IF([3]BAL!D114="","",[3]BAL!D114) -> 108.288 | H127: =+IF([3]BAL!E114="","",[3]BAL!E114) -> 189.637 | I127: =+IF([3]BAL!F114="","",[3]BAL!F114) -> 6214812 | J127: =+IF([3]BAL!G114="","",[3]BAL!G114) -> 113437 | K127: =+IF([3]BAL!H114="","",[3]BAL!H114) -> 2447 | L127: =+IF([3]BAL!I114="","",[3]BAL!I114) -> 75.69 | M127: =+IF([3]BAL!J114="","",[3]BAL!J114) -> 423976 | N127: =+'[1]Trim CM INICIAL_ECM'!J116 -> 115.46078 | P127: 202301
... D158: 200612 | E158: =+IF([3]BAL!B145="","",[3]BAL!B145) -> 402720 | F158: =+IF([3]BAL!C145="","",[3]BAL!C145) -> 78.781452 | G158: =+IF([3]BAL!D145="","",[3]BAL!D145) -> 105.165 | H158: =+IF([3]BAL!E145="","",[3]BAL!E145) -> 159.342 | I158: =+IF([3]BAL!F145="","",[3]BAL!F145) -> 677205 | J158: =+IF([3]BAL!G145="","",[3]BAL!G145) -> 93320 | K158: =+IF([3]BAL!H145="","",[3]BAL!H145) -> 2407 | L158: =+IF([3]BAL!I145="","",[3]BAL!I145) -> 81.306 | M158: =+IF([3]BAL!J145="","",[3]BAL!J145) -> 402720 | N158: =+'[1]Trim CM INICIAL_ECM'!J147 -> 135.47417 | P158: 203004
D159: 200701 | E159: =+IF([3]BAL!B146="","",[3]BAL!B146) -> 399155 | F159: =+IF([3]BAL!C146="","",[3]BAL!C146) -> 69.942731 | G159: =+IF([3]BAL!D146="","",[3]BAL!D146) -> 94.905 | H159: =+IF([3]BAL!E146="","",[3]BAL!E146) -> 189.637 | I159: =+IF([3]BAL!F146="","",[3]BAL!F146) -> 674221 | J159: =+IF([3]BAL!G146="","",[3]BAL!G146) -> 99077 | K159: =+IF([3]BAL!H146="","",[3]BAL!H146) -> 3432 | L159: =+IF([3]BAL!I146="","",[3]BAL!I146) -> 81.008 | M159: =+IF([3]BAL!J146="","",[3]BAL!J146) -> 399155
D160: 200702 | E160: =+IF([3]BAL!B147="","",[3]BAL!B147) -> 409912 | F160: =+IF([3]BAL!C147="","",[3]BAL!C147) -> 70.50045 | G160: =+IF([3]BAL!D147="","",[3]BAL!D147) -> 85.58 | H160: =+IF([3]BAL!E147="","",[3]BAL!E147) -> 196.128 | I160: =+IF([3]BAL!F147="","",[3]BAL!F147) -> 944700 | J160: =+IF([3]BAL!G147="","",[3]BAL!G147) -> 118895 | K160: =+IF([3]BAL!H147="","",[3]BAL!H147) -> 3205 | L160: =+IF([3]BAL!I147="","",[3]BAL!I147) -> 80.874 | M160: =+IF([3]BAL!J147="","",[3]BAL!J147) -> 409912
D161: 200703 | E161: =+IF([3]BAL!B148="","",[3]BAL!B148) -> 424239 | F161: =+IF([3]BAL!C148="","",[3]BAL!C148) -> 85.764265 | G161: =+IF([3]BAL!D148="","",[3]BAL!D148) -> 96.984 | H161: =+IF([3]BAL!E148="","",[3]BAL!E148) -> 203.997 | I161: =+IF([3]BAL!F148="","",[3]BAL!F148) -> 1629523 | J161: =+IF([3]BAL!G148="","",[3]BAL!G148) -> 129442 | K161: =+IF([3]BAL!H148="","",[3]BAL!H148) -> 3351 | L161: =+IF([3]BAL!I148="","",[3]BAL!I148) -> 81.318 | M161: =+IF([3]BAL!J148="","",[3]BAL!J148) -> 424239
D162: 200704 | E162: =+IF([3]BAL!B149="","",[3]BAL!B149) -> 448005 | F162: =+IF([3]BAL!C149="","",[3]BAL!C149) -> 88.313644 | G162: =+IF([3]BAL!D149="","",[3]BAL!D149) -> 99.592 | H162: =+IF([3]BAL!E149="","",[3]BAL!E149) -> 184.522 | I162: =+IF([3]BAL!F149="","",[3]BAL!F149) -> 2924513 | J162: =+IF([3]BAL!G149="","",[3]BAL!G149) -> 134268 | K162: =+IF([3]BAL!H149="","",[3]BAL!H149) -> 2657 | L162: =+IF([3]BAL!I149="","",[3]BAL!I149) -> 82.285 | M162: =+IF([3]BAL!J149="","",[3]BAL!J149) -> 448005
D163: 200705 | E163: =+IF([3]BAL!B150="","",[3]BAL!B150) -> 485330 | F163: =+IF([3]BAL!C150="","",[3]BAL!C150) -> 106.72602 | G163: =+IF([3]BAL!D150="","",[3]BAL!D150) -> 119.716 | H163: =+IF([3]BAL!E150="","",[3]BAL!E150) -> 218.751 | I163: =+IF([3]BAL!F150="","",[3]BAL!F150) -> 6378803 | J163: =+IF([3]BAL!G150="","",[3]BAL!G150) -> 99812 | K163: =+IF([3]BAL!H150="","",[3]BAL!H150) -> 3662 | L163: =+IF([3]BAL!I150="","",[3]BAL!I150) -> 82.658 | M163: =+IF([3]BAL!J150="","",[3]BAL!J150) -> 485330
D164: 200706 | E164: =+IF([3]BAL!B151="","",[3]BAL!B151) -> 501852 | F164: =+IF([3]BAL!C151="","",[3]BAL!C151) -> 113.67875 | G164: =+IF([3]BAL!D151="","",[3]BAL!D151) -> 123.842 | H164: =+IF([3]BAL!E151="","",[3]BAL!E151) -> 213.833 | I164: =+IF([3]BAL!F151="","",[3]BAL!F151) -> 9519832 | J164: =+IF([3]BAL!G151="","",[3]BAL!G151) -> 153412 | K164: =+IF([3]BAL!H151="","",[3]BAL!H151) -> 3288 | L164: =+IF([3]BAL!I151="","",[3]BAL!I151) -> 82.894 | M164: =+IF([3]BAL!J151="","",[3]BAL!J151) -> 501852
D165: 200707 | E165: =+IF([3]BAL!B152="","",[3]BAL!B152) -> 512543 | F165: =+IF([3]BAL!C152="","",[3]BAL!C152) -> 128.3164 | G165: =+IF([3]BAL!D152="","",[3]BAL!D152) -> 136.059 | H165: =+IF([3]BAL!E152="","",[3]BAL!E152) -> 228.193 | I165: =+IF([3]BAL!F152="","",[3]BAL!F152) -> 11514779 | J165: =+IF([3]BAL!G152="","",[3]BAL!G152) -> 155398 | K165: =+IF([3]BAL!H152="","",[3]BAL!H152) -> 3001 | L165: =+IF([3]BAL!I152="","",[3]BAL!I152) -> 82.856 | M165: =+IF([3]BAL!J152="","",[3]BAL!J152) -> 512543
D166: 200708 | E166: =+IF([3]BAL!B153="","",[3]BAL!B153) -> 508574 | F166: =+IF([3]BAL!C153="","",[3]BAL!C153) -> 128.7965 | G166: =+IF([3]BAL!D153="","",[3]BAL!D153) -> 134.234 | H166: =+IF([3]BAL!E153="","",[3]BAL!E153) -> 184.128 | I166: =+IF([3]BAL!F153="","",[3]BAL!F153) -> 11901725 | J166: =+IF([3]BAL!G153="","",[3]BAL!G153) -> 221055 | K166: =+IF([3]BAL!H153="","",[3]BAL!H153) -> 2505 | L166: =+IF([3]BAL!I153="","",[3]BAL!I153) -> 82.788 | M166: =+IF([3]BAL!J153="","",[3]BAL!J153) -> 508574
D167: 200709 | E167: =+IF([3]BAL!B154="","",[3]BAL!B154) -> 498391 | F167: =+IF([3]BAL!C154="","",[3]BAL!C154) -> 110.35816 | G167: =+IF([3]BAL!D154="","",[3]BAL!D154) -> 118.638 | H167: =+IF([3]BAL!E154="","",[3]BAL!E154) -> 199.472 | I167: =+IF([3]BAL!F154="","",[3]BAL!F154) -> 9440130 | J167: =+IF([3]BAL!G154="","",[3]BAL!G154) -> 135248 | K167: =+IF([3]BAL!H154="","",[3]BAL!H154) -> 2647 | L167: =+IF([3]BAL!I154="","",[3]BAL!I154) -> 82.809 | M167: =+IF([3]BAL!J154="","",[3]BAL!J154) -> 498391
D168: 200710 | E168: =+IF([3]BAL!B155="","",[3]BAL!B155) -> 478006 | F168: =+IF([3]BAL!C155="","",[3]BAL!C155) -> 97.590538 | G168: =+IF([3]BAL!D155="","",[3]BAL!D155) -> 111.05 | H168: =+IF([3]BAL!E155="","",[3]BAL!E155) -> 209.899 | I168: =+IF([3]BAL!F155="","",[3]BAL!F155) -> 5308536 | J168: =+IF([3]BAL!G155="","",[3]BAL!G155) -> 104495 | K168: =+IF([3]BAL!H155="","",[3]BAL!H155) -> 2785 | L168: =+IF([3]BAL!I155="","",[3]BAL!I155) -> 83.299 | M168: =+IF([3]BAL!J155="","",[3]BAL!J155) -> 478006
D169: 200711 | E169: =+IF([3]BAL!B156="","",[3]BAL!B156) -> 424828 | F169: =+IF([3]BAL!C156="","",[3]BAL!C156) -> 76.7898 | G169: =+IF([3]BAL!D156="","",[3]BAL!D156) -> 96.306 | H169: =+IF([3]BAL!E156="","",[3]BAL!E156) -> 199.079 | I169: =+IF([3]BAL!F156="","",[3]BAL!F156) -> 738300 | J169: =+IF([3]BAL!G156="","",[3]BAL!G156) -> 104310 | K169: =+IF([3]BAL!H156="","",[3]BAL!H156) -> 2396 | L169: =+IF([3]BAL!I156="","",[3]BAL!I156) -> 84.101 | M169: =+IF([3]BAL!J156="","",[3]BAL!J156) -> 424828
D170: 200712 | E170: =+IF([3]BAL!B157="","",[3]BAL!B157) -> 414573 | F170: =+IF([3]BAL!C157="","",[3]BAL!C157) -> 78.463151 | G170: =+IF([3]BAL!D157="","",[3]BAL!D157) -> 105.408 | H170: =+IF([3]BAL!E157="","",[3]BAL!E157) -> 167.801 | I170: =+IF([3]BAL!F157="","",[3]BAL!F157) -> 554588 | J170: =+IF([3]BAL!G157="","",[3]BAL!G157) -> 123752 | K170: =+IF([3]BAL!H157="","",[3]BAL!H157) -> 2096 | L170: =+IF([3]BAL!I157="","",[3]BAL!I157) -> 84.471 | M170: =+IF([3]BAL!J157="","",[3]BAL!J157) -> 414573
... D446: 203012 | E446: =+IF([3]BAL!B433="","",[3]BAL!B433) | F446: =+IF([3]BAL!C433="","",[3]BAL!C433) | G446: =+IF([3]BAL!D433="","",[3]BAL!D433) | H446: =+IF([3]BAL!E433="","",[3]BAL!E433) | I446: =+IF([3]BAL!F433="","",[3]BAL!F433) | J446: =+IF([3]BAL!G433="","",[3]BAL!G433) | K446: =+IF([3]BAL!H433="","",[3]BAL!H433) | L446: =+IF([3]BAL!I433="","",[3]BAL!I433) | M446: =+IF([3]BAL!J433="","",[3]BAL!J433)

Sheet CAN
D1: Acrónimo | E1: AFI | F1: IAS | G1: ICM | H1: IPI | I1: PER | J1: GAS | K1: HIP | L1: IPC | M1: AFIE | N1: PIB | O1: PIB_CCAA
D2: SA | E2: 0 | F2: 0 | G2: 0 | H2: 0 | I2: 0 | J2: 0 | K2: 0 | L2: 0 | M2: 0 | N2: 0 | O2: 0
D3: DEF | E3: 1 | F3: 1 | G3: 1 | H3: 1 | I3: 1 | J3: 1 | K3: 1 | L3: 1 | M3: 1 | N3: 1 | O3: 1
D4: Serie | E4: afiliados | F4: creditos | G4: depositos | H4: consumo productos petro | I4: hipotecas | J4: indice actividad serviciios | K4: indice comercio al por menor | L4: indice comercio al por menor | M4: indice comercio al por menor | N4: PIB ESPAÑA | O4: PIB ccaa
D5: Enlaces y Deflactores
D6: Fecha INI MOD | E6: 34700 | F6: 34700 | G6: 34700 | H6: 34731 | I6: 34759 | J6: 34790 | K6: 34820 | L6: 34851 | M6: 34881 | N6: 34973 | O6: 35004
D7: Cod | E7: SC | F7: 190000m | G7: 229000cc.d | H7: 229000cc.d | I7: 229000cc.d | J7: 229000cc.d | K7: 229000cc.d | L7: 229000cc.d | M7: 229000cc.d | N7: 229000cc.d | O7: 229000cc.d
D8: Año | E8: 1995 | F8: 2005 | G8: 2001 | H8: 1995 | I8: 1995 | J8: 1997 | K8: 1995 | L8: 1995 | M8: 1995 | N8: 1995 | O8: 2000
D9: Freq | E9: 12 | F9: 12 | G9: 12 | H9: 12 | I9: 12 | J9: 12 | K9: 12 | L9: 12 | M9: 12 | N9: 4 | O9: 1
D10: Mes INI | E10: 8 | F10: 1 | G10: 1 | H10: 1 | I10: 1 | J10: 1 | K10: 1 | L10: 1 | M10: 1 | N10: 1 | O10: 0
D11: type | E11: 6 | F11: 6 | G11: 6 | H11: 6 | I11: 6 | J11: 6 | K11: 6 | L11: 6 | M11: 6 | N11: 2 | O11: 1
D12: dlg | E12: 1 | F12: 1 | G12: 1 | H12: 1 | I12: 1 | J12: 1 | K12: 1 | L12: 1 | M12: 1 | N12: 1 | O12: 1
D13: selector | E13: =+AND!E13 -> 1 | F13: =+AND!F13 -> 1 | G13: =+AND!G13 -> 1 | H13: =+AND!H13 -> 1 | I13: =+AND!I13 -> 1 | J13: =+AND!J13 -> 1 | K13: =+AND!K13 -> 1 | L13: =+AND!L13 -> 1 | ... O13: =+AND!O13 -> 1
A14: Posición de outlier---> | D14: outliers | E14: 0 | F14: 0 | G14: 0 | H14: 0 | I14: 0 | J14: 0 | K14: 0 | L14: 0 | M14: 0 | N14: 0 | O14: 0
A15: =VALUE("1/"&C15&"/"&B15) -> 34700 | B15: =LEFT(D15,4) -> 1995 | C15: 1 | D15: 199501 | E15: =+IF([3]CAN!B2="","",[3]CAN!B2) -> 464743.33 | F15: =+IF([3]CAN!C2="","",[3]CAN!C2) | G15: =+IF([3]CAN!D2="","",[3]CAN!D2) | H15: =+IF([3]CAN!E2="","",[3]CAN!E2) -> 111.51164 | I15: =+IF([3]CAN!F2="","",[3]CAN!F2) -> 8222600.4 | J15: =+IF([3]CAN!G2="","",[3]CAN!G2) | K15: =+IF([3]CAN!H2="","",[3]CAN!H2) -> 2448.032 | L15: =+IF([3]CAN!I2="","",[3]CAN!I2) -> 62.202574 | M15: =+IF([3]CAN!J2="","",[3]CAN!J2) -> 464743.33 | N15: =+'[1]Trim CM INICIAL_ECM'!J4 -> 67.016017 | O15: =+[2]anu!B2 -> 84.237632 | P15: 199501 | Q15: 2000
A16: =VALUE("1/"&C16&"/"&B16) -> 34731 | B16: =LEFT(D16,4) -> 1995 | C16: 2 | D16: 199502 | E16: =+IF([3]CAN!B3="","",[3]CAN!B3) -> 469908.18 | F16: =+IF([3]CAN!C3="","",[3]CAN!C3) | G16: =+IF([3]CAN!D3="","",[3]CAN!D3) | H16: =+IF([3]CAN!E3="","",[3]CAN!E3) -> 106.75627 | I16: =+IF([3]CAN!F3="","",[3]CAN!F3) -> 7870309.6 | J16: =+IF([3]CAN!G3="","",[3]CAN!G3) | K16: =+IF([3]CAN!H3="","",[3]CAN!H3) -> 2209.0462 | L16: =+IF([3]CAN!I3="","",[3]CAN!I3) -> 62.513587 | M16: =+IF([3]CAN!J3="","",[3]CAN!J3) -> 469908.18 | N16: =+'[1]Trim CM INICIAL_ECM'!J5 -> 67.457788 | O16: =+[2]anu!B3 -> 87.471178 | P16: 199502 | Q16: =+Q15+1 -> 2001
A17: =VALUE("1/"&C17&"/"&B17) -> 34759 | B17: =LEFT(D17,4) -> 1995 | C17: 3 | D17: 199503 | E17: =+IF([3]CAN!B4="","",[3]CAN!B4) -> 476448.36 | F17: =+IF([3]CAN!C4="","",[3]CAN!C4) | G17: =+IF([3]CAN!D4="","",[3]CAN!D4) | H17: =+IF([3]CAN!E4="","",[3]CAN!E4) -> 121.8133 | I17: =+IF([3]CAN!F4="","",[3]CAN!F4) -> 8502840.6 | J17: =+IF([3]CAN!G4="","",[3]CAN!G4) | K17: =+IF([3]CAN!H4="","",[3]CAN!H4) -> 2026.6623 | L17: =+IF([3]CAN!I4="","",[3]CAN!I4) -> 63.07621 | M17: =+IF([3]CAN!J4="","",[3]CAN!J4) -> 476448.36 | N17: =+'[1]Trim CM INICIAL_ECM'!J6 -> 67.756519 | O17: =+[2]anu!B4 -> 90.579301 | P17: 199503 | Q17: =+Q16+1 -> 2002
A18: =VALUE("1/"&C18&"/"&B18) -> 34790 | B18: =LEFT(D18,4) -> 1995 | C18: 4 | D18: 199504 | E18: =+IF([3]CAN!B5="","",[3]CAN!B5) -> 476578.99 | F18: =+IF([3]CAN!C5="","",[3]CAN!C5) | G18: =+IF([3]CAN!D5="","",[3]CAN!D5) | H18: =+IF([3]CAN!E5="","",[3]CAN!E5) -> 109.02079 | I18: =+IF([3]CAN!F5="","",[3]CAN!F5) -> 7756769.5 | J18: =+IF([3]CAN!G5="","",[3]CAN!G5) | K18: =+IF([3]CAN!H5="","",[3]CAN!H5) -> 2067.5415 | L18: =+IF([3]CAN!I5="","",[3]CAN!I5) -> 63.706972 | M18: =+IF([3]CAN!J5="","",[3]CAN!J5) -> 476578.99 | N18: =+'[1]Trim CM INICIAL_ECM'!J7 -> 68.269558 | O18: =+[2]anu!B5 -> 94.186666 | P18: 199504 | Q18: =+Q17+1 -> 2003
A19: =VALUE("1/"&C19&"/"&B19) -> 34820 | B19: =LEFT(D19,4) -> 1995 | C19: 5 | D19: 199505 | E19: =+IF([3]CAN!B6="","",[3]CAN!B6) -> 472784.97 | F19: =+IF([3]CAN!C6="","",[3]CAN!C6) | G19: =+IF([3]CAN!D6="","",[3]CAN!D6) | H19: =+IF([3]CAN!E6="","",[3]CAN!E6) -> 124.19082 | I19: =+IF([3]CAN!F6="","",[3]CAN!F6) -> 7386576.9 | J19: =+IF([3]CAN!G6="","",[3]CAN!G6) | K19: =+IF([3]CAN!H6="","",[3]CAN!H6) -> 1815.9775 | L19: =+IF([3]CAN!I6="","",[3]CAN!I6) -> 63.706972 | M19: =+IF([3]CAN!J6="","",[3]CAN!J6) -> 472784.97 | N19: =+'[1]Trim CM INICIAL_ECM'!J8 -> 68.661842 | O19: =+[2]anu!B6 -> 97.421534 | P19: 199601 | Q19: =+Q18+1 -> 2004
A20: =VALUE("1/"&C20&"/"&B20) -> 34851 | B20: =LEFT(D20,4) -> 1995 | C20: 6 | D20: 199506 | E20: =+IF([3]CAN!B7="","",[3]CAN!B7) -> 474968.07 | F20: =+IF([3]CAN!C7="","",[3]CAN!C7) | G20: =+IF([3]CAN!D7="","",[3]CAN!D7) | H20: =+IF([3]CAN!E7="","",[3]CAN!E7) -> 127.24717 | I20: =+IF([3]CAN!F7="","",[3]CAN!F7) -> 7218955.1 | J20: =+IF([3]CAN!G7="","",[3]CAN!G7) | K20: =+IF([3]CAN!H7="","",[3]CAN!H7) -> 2232.6303 | L20: =+IF([3]CAN!I7="","",[3]CAN!I7) -> 63.706972 | M20: =+IF([3]CAN!J7="","",[3]CAN!J7) -> 474968.07 | N20: =+'[1]Trim CM INICIAL_ECM'!J9 -> 69.136714 | O20: =+[2]anu!B7 -> 100.69843 | P20: 199602 | Q20: =+Q19+1 -> 2005
A21: =VALUE("1/"&C21&"/"&B21) -> 34881 | B21: =LEFT(D21,4) -> 1995 | C21: 7 | D21: 199507 | E21: =+IF([3]CAN!B8="","",[3]CAN!B8) -> 471888.4 | F21: =+IF([3]CAN!C8="","",[3]CAN!C8) | G21: =+IF([3]CAN!D8="","",[3]CAN!D8) | H21: =+IF([3]CAN!E8="","",[3]CAN!E8) -> 117.05893 | I21: =+IF([3]CAN!F8="","",[3]CAN!F8) -> 8153585.8 | J21: =+IF([3]CAN!G8="","",[3]CAN!G8) | K21: =+IF([3]CAN!H8="","",[3]CAN!H8) -> 2102.1315 | L21: =+IF([3]CAN!I8="","",[3]CAN!I8) -> 64.089213 | M21: =+IF([3]CAN!J8="","",[3]CAN!J8) -> 471888.4 | N21: =+'[1]Trim CM INICIAL_ECM'!J10 -> 69.703856 | O21: =+[2]anu!B8 -> 104.7389 | P21: 199603 | Q21: =+Q20+1 -> 2006
A22: =VALUE("1/"&C22&"/"&B22) -> 34912 | B22: =LEFT(D22,4) -> 1995 | C22: 8 | D22: 199508 | E22: =+IF([3]CAN!B9="","",[3]CAN!B9) -> 475731.42 | F22: =+IF([3]CAN!C9="","",[3]CAN!C9) | G22: =+IF([3]CAN!D9="","",[3]CAN!D9) | H22: =+IF([3]CAN!E9="","",[3]CAN!E9) -> 101.54922 | I22: =+IF([3]CAN!F9="","",[3]CAN!F9) -> 8703028.9 | J22: =+IF([3]CAN!G9="","",[3]CAN!G9) | K22: =+IF([3]CAN!H9="","",[3]CAN!H9) -> 1891.4467 | L22: =+IF([3]CAN!I9="","",[3]CAN!I9) -> 64.281481 | M22: =+IF([3]CAN!J9="","",[3]CAN!J9) -> 475731.42 | N22: =+'[1]Trim CM INICIAL_ECM'!J11 -> 70.050606 | O22: =+[2]anu!B9 -> 108.3741 | P22: 199604 | Q22: =+Q21+1 -> 2007
A23: =VALUE("1/"&C23&"/"&B23) -> 34943 | B23: =LEFT(D23,4) -> 1995 | C23: 9 | D23: 199509 | E23: =+IF([3]CAN!B10="","",[3]CAN!B10) -> 475200.26 | F23: =+IF([3]CAN!C10="","",[3]CAN!C10) | G23: =+IF([3]CAN!D10="","",[3]CAN!D10) | H23: =+IF([3]CAN!E10="","",[3]CAN!E10) -> 118.64373 | I23: =+IF([3]CAN!F10="","",[3]CAN!F10) -> 7969680.7 | J23: =+IF([3]CAN!G10="","",[3]CAN!G10) | K23: =+IF([3]CAN!H10="","",[3]CAN!H10) -> 1672.9005 | L23: =+IF([3]CAN!I10="","",[3]CAN!I10) -> 64.860014 | M23: =+IF([3]CAN!J10="","",[3]CAN!J10) -> 475200.26 | N23: =+'[1]Trim CM INICIAL_ECM'!J12 -> 70.749209 | O23: =+[2]anu!B10 -> 108.48215 | P23: 199701 | Q23: =+Q22+1 -> 2008
A24: =VALUE("1/"&C24&"/"&B24) -> 34973 | B24: =LEFT(D24,4) -> 1995 | C24: 10 | D24: 199510 | E24: =+IF([3]CAN!B11="","",[3]CAN!B11) -> 477743.39 | F24: =+IF([3]CAN!C11="","",[3]CAN!C11) | G24: =+IF([3]CAN!D11="","",[3]CAN!D11) | H24: =+IF([3]CAN!E11="","",[3]CAN!E11) -> 120.00159 | I24: =+IF([3]CAN!F11="","",[3]CAN!F11) -> 8487452.5 | J24: =+IF([3]CAN!G11="","",[3]CAN!G11) | K24: =+IF([3]CAN!H11="","",[3]CAN!H11) -> 1685.4787 | L24: =+IF([3]CAN!I11="","",[3]CAN!I11) -> 64.470854 | M24: =+IF([3]CAN!J11="","",[3]CAN!J11) -> 477743.39 | N24: =+'[1]Trim CM INICIAL_ECM'!J13 -> 71.387254 | O24: =+[2]anu!B11 -> 104.02309 | P24: 199702 | Q24: =+Q23+1 -> 2009
A25: =VALUE("1/"&C25&"/"&B25) -> 35004 | B25: =LEFT(D25,4) -> 1995 | C25: 11 | D25: 199511 | E25: =+IF([3]CAN!B12="","",[3]CAN!B12) -> 485057.77 | F25: =+IF([3]CAN!C12="","",[3]CAN!C12) | G25: =+IF([3]CAN!D12="","",[3]CAN!D12) | H25: =+IF([3]CAN!E12="","",[3]CAN!E12) -> 120.90821 | I25: =+IF([3]CAN!F12="","",[3]CAN!F12) -> 7994698.6 | J25: =+IF([3]CAN!G12="","",[3]CAN!G12) | K25: =+IF([3]CAN!H12="","",[3]CAN!H12) -> 1888.3021 | L25: =+IF([3]CAN!I12="","",[3]CAN!I12) -> 64.341913 | M25: =+IF([3]CAN!J12="","",[3]CAN!J12) -> 485057.77 | N25: =+'[1]Trim CM INICIAL_ECM'!J14 -> 72.179702 | O25: =+[2]anu!B12 -> 102.64082 | P25: 199703 | Q25: =+Q24+1 -> 2010
A26: =VALUE("1/"&C26&"/"&B26) -> 35034 | B26: =LEFT(D26,4) -> 1995 | C26: 12 | D26: 199512 | E26: =+IF([3]CAN!B13="","",[3]CAN!B13) -> 489509.43 | F26: =+IF([3]CAN!C13="","",[3]CAN!C13) | G26: =+IF([3]CAN!D13="","",[3]CAN!D13) | H26: =+IF([3]CAN!E13="","",[3]CAN!E13) -> 106.41721 | I26: =+IF([3]CAN!F13="","",[3]CAN!F13) -> 7741363.4 | J26: =+IF([3]CAN!G13="","",[3]CAN!G13) | K26: =+IF([3]CAN!H13="","",[3]CAN!H13) -> 1451.2097 | L26: =+IF([3]CAN!I13="","",[3]CAN!I13) -> 64.470596 | M26: =+IF([3]CAN!J13="","",[3]CAN!J13) -> 489509.43 | N26: =+'[1]Trim CM INICIAL_ECM'!J15 -> 73.193535 | O26: =+[2]anu!B13 -> 102.3609 | P26: 199704 | Q26: =+Q25+1 -> 2011
A27: =VALUE("1/"&C27&"/"&B27) -> 35065 | B27: =LEFT(D27,4) -> 1996 | C27: 1 | D27: 199601 | E27: =+IF([3]CAN!B14="","",[3]CAN!B14) -> 484680.96 | F27: =+IF([3]CAN!C14="","",[3]CAN!C14) | G27: =+IF([3]CAN!D14="","",[3]CAN!D14) | H27: =+IF([3]CAN!E14="","",[3]CAN!E14) -> 109.47386 | I27: =+IF([3]CAN!F14="","",[3]CAN!F14) -> 8300867.1 | J27: =+IF([3]CAN!G14="","",[3]CAN!G14) | K27: =+IF([3]CAN!H14="","",[3]CAN!H14) -> 2532.9348 | L27: =+IF([3]CAN!I14="","",[3]CAN!I14) -> 64.664008 | M27: =+IF([3]CAN!J14="","",[3]CAN!J14) -> 484680.96 | N27: =+'[1]Trim CM INICIAL_ECM'!J16 -> 73.809914 | O27: =+[2]anu!B14 -> 98.790917 | P27: 199801 | Q27: =+Q26+1 -> 2012
... A45: =VALUE("1/"&C45&"/"&B45) -> 35612 | B45: =LEFT(D45,4) -> 1997 | C45: 7 | D45: 199707 | E45: =+IF([3]CAN!B32="","",[3]CAN!B32) -> 516285.22 | F45: =+IF([3]CAN!C32="","",[3]CAN!C32) | G45: =+IF([3]CAN!D32="","",[3]CAN!D32) | H45: =+IF([3]CAN!E32="","",[3]CAN!E32) -> 125.8893 | I45: =+IF([3]CAN!F32="","",[3]CAN!F32) -> 6989879.9 | J45: =+IF([3]CAN!G32="","",[3]CAN!G32) -> 139927 | K45: =+IF([3]CAN!H32="","",[3]CAN!H32) -> 2025.09 | L45: =+IF([3]CAN!I32="","",[3]CAN!I32) -> 67.229392 | M45: =+IF([3]CAN!J32="","",[3]CAN!J32) -> 516285.22 | N45: =+'[1]Trim CM INICIAL_ECM'!J34 -> 88.1866 | O45: =+[2]anu!B32 -> 133.35611 | P45: 200203 | Q45: =+Q44+1 -> 2030
A46: =VALUE("1/"&C46&"/"&B46) -> 35643 | B46: =LEFT(D46,4) -> 1997 | C46: 8 | D46: 199708 | E46: =+IF([3]CAN!B33="","",[3]CAN!B33) -> 525032.92 | F46: =+IF([3]CAN!C33="","",[3]CAN!C33) | G46: =+IF([3]CAN!D33="","",[3]CAN!D33) | H46: =+IF([3]CAN!E33="","",[3]CAN!E33) -> 102.68132 | I46: =+IF([3]CAN!F33="","",[3]CAN!F33) -> 8441148.3 | J46: =+IF([3]CAN!G33="","",[3]CAN!G33) -> 141703 | K46: =+IF([3]CAN!H33="","",[3]CAN!H33) -> 1996.7891 | L46: =+IF([3]CAN!I33="","",[3]CAN!I33) -> 67.43108 | M46: =+IF([3]CAN!J33="","",[3]CAN!J33) -> 525032.92 | N46: =+'[1]Trim CM INICIAL_ECM'!J35 -> 88.87513 | P46: 200204
A47: =VALUE("1/"&C47&"/"&B47) -> 35674 | B47: =LEFT(D47,4) -> 1997 | C47: 9 | D47: 199709 | E47: =+IF([3]CAN!B34="","",[3]CAN!B34) -> 529958.7 | F47: =+IF([3]CAN!C34="","",[3]CAN!C34) | G47: =+IF([3]CAN!D34="","",[3]CAN!D34) | H47: =+IF([3]CAN!E34="","",[3]CAN!E34) -> 125.66273 | I47: =+IF([3]CAN!F34="","",[3]CAN!F34) -> 7338551.6 | J47: =+IF([3]CAN!G34="","",[3]CAN!G34) -> 164481 | K47: =+IF([3]CAN!H34="","",[3]CAN!H34) -> 2878.8353 | L47: =+IF([3]CAN!I34="","",[3]CAN!I34) -> 67.43108 | M47: =+IF([3]CAN!J34="","",[3]CAN!J34) -> 529958.7 | N47: =+'[1]Trim CM INICIAL_ECM'!J36 -> 89.731812 | P47: 200301
A48: =VALUE("1/"&C48&"/"&B48) -> 35704 | B48: =LEFT(D48,4) -> 1997 | C48: 10 | D48: 199710 | E48: =+IF([3]CAN!B35="","",[3]CAN!B35) -> 534923.6 | F48: =+IF([3]CAN!C35="","",[3]CAN!C35) | G48: =+IF([3]CAN!D35="","",[3]CAN!D35) | H48: =+IF([3]CAN!E35="","",[3]CAN!E35) -> 127.47338 | I48: =+IF([3]CAN!F35="","",[3]CAN!F35) -> 7876653.9 | J48: =+IF([3]CAN!G35="","",[3]CAN!G35) -> 190205 | K48: =+IF([3]CAN!H35="","",[3]CAN!H35) -> 2482.622 | L48: =+IF([3]CAN!I35="","",[3]CAN!I35) -> 67.43108 | M48: =+IF([3]CAN!J35="","",[3]CAN!J35) -> 534923.6 | N48: =+'[1]Trim CM INICIAL_ECM'!J37 -> 90.07568 | P48: 200302
A49: =VALUE("1/"&C49&"/"&B49) -> 35735 | B49: =LEFT(D49,4) -> 1997 | C49: 11 | D49: 199711 | E49: =+IF([3]CAN!B36="","",[3]CAN!B36) -> 544688.12 | F49: =+IF([3]CAN!C36="","",[3]CAN!C36) | G49: =+IF([3]CAN!D36="","",[3]CAN!D36) | H49: =+IF([3]CAN!E36="","",[3]CAN!E36) -> 119.09685 | I49: =+IF([3]CAN!F36="","",[3]CAN!F36) -> 7481368.6 | J49: =+IF([3]CAN!G36="","",[3]CAN!G36) -> 170425 | K49: =+IF([3]CAN!H36="","",[3]CAN!H36) -> 2985.75 | L49: =+IF([3]CAN!I36="","",[3]CAN!I36) -> 67.565942 | M49: =+IF([3]CAN!J36="","",[3]CAN!J36) -> 544688.12 | N49: =+'[1]Trim CM INICIAL_ECM'!J38 -> 90.746529 | P49: 200303
A50: =VALUE("1/"&C50&"/"&B50) -> 35765 | B50: =LEFT(D50,4) -> 1997 | C50: 12 | D50: 199712 | E50: =+IF([3]CAN!B37="","",[3]CAN!B37) -> 547835.13 | F50: =+IF([3]CAN!C37="","",[3]CAN!C37) | G50: =+IF([3]CAN!D37="","",[3]CAN!D37) | H50: =+IF([3]CAN!E37="","",[3]CAN!E37) -> 113.09659 | I50: =+IF([3]CAN!F37="","",[3]CAN!F37) -> 7734943.6 | J50: =+IF([3]CAN!G37="","",[3]CAN!G37) -> 180402 | K50: =+IF([3]CAN!H37="","",[3]CAN!H37) -> 2812.7998 | L50: =+IF([3]CAN!I37="","",[3]CAN!I37) -> 67.633508 | M50: =+IF([3]CAN!J37="","",[3]CAN!J37) -> 547835.13 | N50: =+'[1]Trim CM INICIAL_ECM'!J39 -> 91.507449 | P50: 200304
A51: =VALUE("1/"&C51&"/"&B51) -> 35796 | B51: =LEFT(D51,4) -> 1998 | C51: 1 | D51: 199801 | E51: =+IF([3]CAN!B38="","",[3]CAN!B38) -> 541260.94 | F51: =+IF([3]CAN!C38="","",[3]CAN!C38) | G51: =+IF([3]CAN!D38="","",[3]CAN!D38) | H51: =+IF([3]CAN!E38="","",[3]CAN!E38) -> 113.32299 | I51: =+IF([3]CAN!F38="","",[3]CAN!F38) -> 8234742.4 | J51: =+IF([3]CAN!G38="","",[3]CAN!G38) -> 159061 | K51: =+IF([3]CAN!H38="","",[3]CAN!H38) -> 2729.4692 | L51: =+IF([3]CAN!I38="","",[3]CAN!I38) -> 67.904042 | M51: =+IF([3]CAN!J38="","",[3]CAN!J38) -> 541260.94 | N51: =+'[1]Trim CM INICIAL_ECM'!J40 -> 92.042783 | P51: 200401
A52: =VALUE("1/"&C52&"/"&B52) -> 35827 | B52: =LEFT(D52,4) -> 1998 | C52: 2 | D52: 199802 | E52: =+IF([3]CAN!B39="","",[3]CAN!B39) -> 545856.36 | F52: =+IF([3]CAN!C39="","",[3]CAN!C39) | G52: =+IF([3]CAN!D39="","",[3]CAN!D39) | H52: =+IF([3]CAN!E39="","",[3]CAN!E39) -> 115.47338 | I52: =+IF([3]CAN!F39="","",[3]CAN!F39) -> 8086438.9 | J52: =+IF([3]CAN!G39="","",[3]CAN!G39) -> 139243 | K52: =+IF([3]CAN!H39="","",[3]CAN!H39) -> 2539.2239 | L52: =+IF([3]CAN!I39="","",[3]CAN!I39) -> 68.107754 | M52: =+IF([3]CAN!J39="","",[3]CAN!J39) -> 545856.36 | N52: =+'[1]Trim CM INICIAL_ECM'!J41 -> 93.020239 | P52: 200402
A53: =VALUE("1/"&C53&"/"&B53) -> 35855 | B53: =LEFT(D53,4) -> 1998 | C53: 3 | D53: 199803 | E53: =+IF([3]CAN!B40="","",[3]CAN!B40) -> 551242.06 | F53: =+IF([3]CAN!C40="","",[3]CAN!C40) | G53: =+IF([3]CAN!D40="","",[3]CAN!D40) | H53: =+IF([3]CAN!E40="","",[3]CAN!E40) -> 125.88884 | I53: =+IF([3]CAN!F40="","",[3]CAN!F40) -> 8146456.2 | J53: =+IF([3]CAN!G40="","",[3]CAN!G40) -> 164329 | K53: =+IF([3]CAN!H40="","",[3]CAN!H40) -> 3109.9597 | L53: =+IF([3]CAN!I40="","",[3]CAN!I40) -> 68.380185 | M53: =+IF([3]CAN!J40="","",[3]CAN!J40) -> 551242.06 | N53: =+'[1]Trim CM INICIAL_ECM'!J42 -> 93.804639 | P53: 200403
A54: =VALUE("1/"&C54&"/"&B54) -> 35886 | B54: =LEFT(D54,4) -> 1998 | C54: 4 | D54: 199804 | E54: =+IF([3]CAN!B41="","",[3]CAN!B41) -> 551030.39 | F54: =+IF([3]CAN!C41="","",[3]CAN!C41) | G54: =+IF([3]CAN!D41="","",[3]CAN!D41) | H54: =+IF([3]CAN!E41="","",[3]CAN!E41) -> 120.34174 | I54: =+IF([3]CAN!F41="","",[3]CAN!F41) -> 7765259.5 | J54: =+IF([3]CAN!G41="","",[3]CAN!G41) -> 151442 | K54: =+IF([3]CAN!H41="","",[3]CAN!H41) -> 2779.782 | L54: =+IF([3]CAN!I41="","",[3]CAN!I41) -> 68.516946 | M54: =+IF([3]CAN!J41="","",[3]CAN!J41) -> 551030.39 | N54: =+'[1]Trim CM INICIAL_ECM'!J43 -> 94.47041 | P54: 200404
A55: =VALUE("1/"&C55&"/"&B55) -> 35916 | B55: =LEFT(D55,4) -> 1998 | C55: 5 | D55: 199805 | E55: =+IF([3]CAN!B42="","",[3]CAN!B42) -> 549871.88 | F55: =+IF([3]CAN!C42="","",[3]CAN!C42) | G55: =+IF([3]CAN!D42="","",[3]CAN!D42) | H55: =+IF([3]CAN!E42="","",[3]CAN!E42) -> 126.11539 | I55: =+IF([3]CAN!F42="","",[3]CAN!F42) -> 6943483.9 | J55: =+IF([3]CAN!G42="","",[3]CAN!G42) -> 146120 | K55: =+IF([3]CAN!H42="","",[3]CAN!H42) -> 3386.6801 | L55: =+IF([3]CAN!I42="","",[3]CAN!I42) -> 68.585463 | M55: =+IF([3]CAN!J42="","",[3]CAN!J42) -> 549871.88 | N55: =+'[1]Trim CM INICIAL_ECM'!J44 -> 95.314485 | P55: 200501
A56: =VALUE("1/"&C56&"/"&B56) -> 35947 | B56: =LEFT(D56,4) -> 1998 | C56: 6 | D56: 199806 | E56: =+IF([3]CAN!B43="","",[3]CAN!B43) -> 554361.53 | F56: =+IF([3]CAN!C43="","",[3]CAN!C43) | G56: =+IF([3]CAN!D43="","",[3]CAN!D43) | H56: =+IF([3]CAN!E43="","",[3]CAN!E43) -> 133.47367 | I56: =+IF([3]CAN!F43="","",[3]CAN!F43) -> 6500902.5 | J56: =+IF([3]CAN!G43="","",[3]CAN!G43) -> 147214 | K56: =+IF([3]CAN!H43="","",[3]CAN!H43) -> 2737.3306 | L56: =+IF([3]CAN!I43="","",[3]CAN!I43) -> 68.654048 | M56: =+IF([3]CAN!J43="","",[3]CAN!J43) -> 554361.53 | N56: =+'[1]Trim CM INICIAL_ECM'!J45 -> 96.160515 | P56: 200502
A57: =VALUE("1/"&C57&"/"&B57) -> 35977 | B57: =LEFT(D57,4) -> 1998 | C57: 7 | D57: 199807 | E57: =+IF([3]CAN!B44="","",[3]CAN!B44) -> 550705.97 | F57: =+IF([3]CAN!C44="","",[3]CAN!C44) | G57: =+IF([3]CAN!D44="","",[3]CAN!D44) | H57: =+IF([3]CAN!E44="","",[3]CAN!E44) -> 140.04052 | I57: =+IF([3]CAN!F44="","",[3]CAN!F44) -> 7189147.6 | J57: =+IF([3]CAN!G44="","",[3]CAN!G44) -> 156878 | K57: =+IF([3]CAN!H44="","",[3]CAN!H44) -> 3185.4289 | L57: =+IF([3]CAN!I44="","",[3]CAN!I44) -> 68.791356 | M57: =+IF([3]CAN!J44="","",[3]CAN!J44) -> 550705.97 | N57: =+'[1]Trim CM INICIAL_ECM'!J46 -> 97.081208 | P57: 200503
... A115: =VALUE("1/"&C115&"/"&B115) -> 37742 | B115: =LEFT(D115,4) -> 2003 | C115: 5 | D115: 200305 | E115: =+IF([3]CAN!B102="","",[3]CAN!B102) -> 704979.85 | F115: =+IF([3]CAN!C102="","",[3]CAN!C102) | G115: =+IF([3]CAN!D102="","",[3]CAN!D102) -> 106.942 | H115: =+IF([3]CAN!E102="","",[3]CAN!E102) -> 135.514 | I115: =+IF([3]CAN!F102="","",[3]CAN!F102) -> 5730487 | J115: =+IF([3]CAN!G102="","",[3]CAN!G102) -> 102589 | K115: =+IF([3]CAN!H102="","",[3]CAN!H102) -> 3227 | L115: =+IF([3]CAN!I102="","",[3]CAN!I102) -> 78.777 | M115: =+IF([3]CAN!J102="","",[3]CAN!J102) -> 704979.85 | N115: =+'[1]Trim CM INICIAL_ECM'!J104 -> 107.10463 | P115: 202001
D116: 200306 | E116: =+IF([3]CAN!B103="","",[3]CAN!B103) -> 705240.59 | F116: =+IF([3]CAN!C103="","",[3]CAN!C103) | G116: =+IF([3]CAN!D103="","",[3]CAN!D103) -> 106.188 | H116: =+IF([3]CAN!E103="","",[3]CAN!E103) -> 136.24 | I116: =+IF([3]CAN!F103="","",[3]CAN!F103) -> 5838262 | J116: =+IF([3]CAN!G103="","",[3]CAN!G103) -> 142042 | K116: =+IF([3]CAN!H103="","",[3]CAN!H103) -> 3622 | L116: =+IF([3]CAN!I103="","",[3]CAN!I103) -> 78.688 | M116: =+IF([3]CAN!J103="","",[3]CAN!J103) -> 705240.59 | N116: =+'[1]Trim CM INICIAL_ECM'!J105 -> 88.050276 | P116: 202002
D117: 200307 | E117: =+IF([3]CAN!B104="","",[3]CAN!B104) -> 698409.09 | F117: =+IF([3]CAN!C104="","",[3]CAN!C104) | G117: =+IF([3]CAN!D104="","",[3]CAN!D104) -> 118.612 | H117: =+IF([3]CAN!E104="","",[3]CAN!E104) -> 156.284 | I117: =+IF([3]CAN!F104="","",[3]CAN!F104) -> 7539775 | J117: =+IF([3]CAN!G104="","",[3]CAN!G104) -> 118761 | K117: =+IF([3]CAN!H104="","",[3]CAN!H104) -> 2649 | L117: =+IF([3]CAN!I104="","",[3]CAN!I104) -> 78.064 | M117: =+IF([3]CAN!J104="","",[3]CAN!J104) -> 698409.09 | N117: =+'[1]Trim CM INICIAL_ECM'!J106 -> 102.0523 | P117: 202003
D118: 200308 | E118: =+IF([3]CAN!B105="","",[3]CAN!B105) -> 707240.17 | F118: =+IF([3]CAN!C105="","",[3]CAN!C105) | G118: =+IF([3]CAN!D105="","",[3]CAN!D105) -> 114.406 | H118: =+IF([3]CAN!E105="","",[3]CAN!E105) -> 130.866 | I118: =+IF([3]CAN!F105="","",[3]CAN!F105) -> 9032415 | J118: =+IF([3]CAN!G105="","",[3]CAN!G105) -> 143411 | K118: =+IF([3]CAN!H105="","",[3]CAN!H105) -> 2230 | L118: =+IF([3]CAN!I105="","",[3]CAN!I105) -> 78.159 | M118: =+IF([3]CAN!J105="","",[3]CAN!J105) -> 707240.17 | N118: =+'[1]Trim CM INICIAL_ECM'!J107 -> 102.79279 | P118: 202004
D119: 200309 | E119: =+IF([3]CAN!B106="","",[3]CAN!B106) -> 710873.83 | F119: =+IF([3]CAN!C106="","",[3]CAN!C106) | G119: =+IF([3]CAN!D106="","",[3]CAN!D106) -> 109.664 | H119: =+IF([3]CAN!E106="","",[3]CAN!E106) -> 134.788 | I119: =+IF([3]CAN!F106="","",[3]CAN!F106) -> 6831464 | J119: =+IF([3]CAN!G106="","",[3]CAN!G106) -> 124317 | K119: =+IF([3]CAN!H106="","",[3]CAN!H106) -> 2565 | L119: =+IF([3]CAN!I106="","",[3]CAN!I106) -> 78.503 | M119: =+IF([3]CAN!J106="","",[3]CAN!J106) -> 710873.83 | N119: =+'[1]Trim CM INICIAL_ECM'!J108 -> 104.02811 | P119: 202101
D120: 200310 | E120: =+IF([3]CAN!B107="","",[3]CAN!B107) -> 710470.01 | F120: =+IF([3]CAN!C107="","",[3]CAN!C107) | G120: =+IF([3]CAN!D107="","",[3]CAN!D107) -> 114.91 | H120: =+IF([3]CAN!E107="","",[3]CAN!E107) -> 154.105 | I120: =+IF([3]CAN!F107="","",[3]CAN!F107) -> 7027475 | J120: =+IF([3]CAN!G107="","",[3]CAN!G107) -> 125591 | K120: =+IF([3]CAN!H107="","",[3]CAN!H107) -> 3282 | L120: =+IF([3]CAN!I107="","",[3]CAN!I107) -> 78.625 | M120: =+IF([3]CAN!J107="","",[3]CAN!J107) -> 710470.01 | N120: =+'[1]Trim CM INICIAL_ECM'!J109 -> 105.45424 | P120: 202102
D121: 200311 | E121: =+IF([3]CAN!B108="","",[3]CAN!B108) -> 719539.62 | F121: =+IF([3]CAN!C108="","",[3]CAN!C108) | G121: =+IF([3]CAN!D108="","",[3]CAN!D108) -> 112.361 | H121: =+IF([3]CAN!E108="","",[3]CAN!E108) -> 133.19 | I121: =+IF([3]CAN!F108="","",[3]CAN!F108) -> 6675046 | J121: =+IF([3]CAN!G108="","",[3]CAN!G108) -> 115001 | K121: =+IF([3]CAN!H108="","",[3]CAN!H108) -> 2736 | L121: =+IF([3]CAN!I108="","",[3]CAN!I108) -> 78.956 | M121: =+IF([3]CAN!J108="","",[3]CAN!J108) -> 719539.62 | N121: =+'[1]Trim CM INICIAL_ECM'!J110 -> 107.53285 | P121: 202103
D122: 200312 | E122: =+IF([3]CAN!B109="","",[3]CAN!B109) -> 717075.19 | F122: =+IF([3]CAN!C109="","",[3]CAN!C109) | G122: =+IF([3]CAN!D109="","",[3]CAN!D109) -> 152.021 | H122: =+IF([3]CAN!E109="","",[3]CAN!E109) -> 144.374 | I122: =+IF([3]CAN!F109="","",[3]CAN!F109) -> 6581306 | J122: =+IF([3]CAN!G109="","",[3]CAN!G109) -> 126127 | K122: =+IF([3]CAN!H109="","",[3]CAN!H109) -> 2874 | L122: =+IF([3]CAN!I109="","",[3]CAN!I109) -> 79.167 | M122: =+IF([3]CAN!J109="","",[3]CAN!J109) -> 717075.19 | N122: =+'[1]Trim CM INICIAL_ECM'!J111 -> 109.71738 | P122: 202104
D123: 200401 | E123: =+IF([3]CAN!B110="","",[3]CAN!B110) -> 708340 | F123: =+IF([3]CAN!C110="","",[3]CAN!C110) | G123: =+IF([3]CAN!D110="","",[3]CAN!D110) -> 133.567 | H123: =+IF([3]CAN!E110="","",[3]CAN!E110) -> 134.207 | I123: =+IF([3]CAN!F110="","",[3]CAN!F110) -> 7010699 | J123: =+IF([3]CAN!G110="","",[3]CAN!G110) -> 100298 | K123: =+IF([3]CAN!H110="","",[3]CAN!H110) -> 4006 | L123: =+IF([3]CAN!I110="","",[3]CAN!I110) -> 78.829 | M123: =+IF([3]CAN!J110="","",[3]CAN!J110) -> 708340 | N123: =+'[1]Trim CM INICIAL_ECM'!J112 -> 111.44189 | P123: 202201
D124: 200402 | E124: =+IF([3]CAN!B111="","",[3]CAN!B111) -> 713394 | F124: =+IF([3]CAN!C111="","",[3]CAN!C111) | G124: =+IF([3]CAN!D111="","",[3]CAN!D111) -> 105.716 | H124: =+IF([3]CAN!E111="","",[3]CAN!E111) -> 128.252 | I124: =+IF([3]CAN!F111="","",[3]CAN!F111) -> 6709343 | J124: =+IF([3]CAN!G111="","",[3]CAN!G111) -> 140569 | K124: =+IF([3]CAN!H111="","",[3]CAN!H111) -> 3346 | L124: =+IF([3]CAN!I111="","",[3]CAN!I111) -> 78.865 | M124: =+IF([3]CAN!J111="","",[3]CAN!J111) -> 713394 | N124: =+'[1]Trim CM INICIAL_ECM'!J113 -> 113.33779 | P124: 202202
D125: 200403 | E125: =+IF([3]CAN!B112="","",[3]CAN!B112) -> 716048 | F125: =+IF([3]CAN!C112="","",[3]CAN!C112) | G125: =+IF([3]CAN!D112="","",[3]CAN!D112) -> 114.366 | H125: =+IF([3]CAN!E112="","",[3]CAN!E112) -> 149.748 | I125: =+IF([3]CAN!F112="","",[3]CAN!F112) -> 7139866 | J125: =+IF([3]CAN!G112="","",[3]CAN!G112) -> 150753 | K125: =+IF([3]CAN!H112="","",[3]CAN!H112) -> 4305 | L125: =+IF([3]CAN!I112="","",[3]CAN!I112) -> 79.287 | M125: =+IF([3]CAN!J112="","",[3]CAN!J112) -> 716048 | N125: =+'[1]Trim CM INICIAL_ECM'!J114 -> 114.26243 | P125: 202203
D126: 200404 | E126: =+IF([3]CAN!B113="","",[3]CAN!B113) -> 714326 | F126: =+IF([3]CAN!C113="","",[3]CAN!C113) | G126: =+IF([3]CAN!D113="","",[3]CAN!D113) -> 108.836 | H126: =+IF([3]CAN!E113="","",[3]CAN!E113) -> 139.436 | I126: =+IF([3]CAN!F113="","",[3]CAN!F113) -> 6185159 | J126: =+IF([3]CAN!G113="","",[3]CAN!G113) -> 147184 | K126: =+IF([3]CAN!H113="","",[3]CAN!H113) -> 4002 | L126: =+IF([3]CAN!I113="","",[3]CAN!I113) -> 80.115 | M126: =+IF([3]CAN!J113="","",[3]CAN!J113) -> 714326 | N126: =+'[1]Trim CM INICIAL_ECM'!J115 -> 114.87482 | P126: 202204
D127: 200405 | E127: =+IF([3]CAN!B114="","",[3]CAN!B114) -> 713062 | F127: =+IF([3]CAN!C114="","",[3]CAN!C114) | G127: =+IF([3]CAN!D114="","",[3]CAN!D114) -> 105.041 | H127: =+IF([3]CAN!E114="","",[3]CAN!E114) -> 135.224 | I127: =+IF([3]CAN!F114="","",[3]CAN!F114) -> 4980609 | J127: =+IF([3]CAN!G114="","",[3]CAN!G114) -> 128375 | K127: =+IF([3]CAN!H114="","",[3]CAN!H114) -> 4107 | L127: =+IF([3]CAN!I114="","",[3]CAN!I114) -> 80.462 | M127: =+IF([3]CAN!J114="","",[3]CAN!J114) -> 713062 | N127: =+'[1]Trim CM INICIAL_ECM'!J116 -> 115.46078 | P127: 202301
... D158: 200612 | E158: =+IF([3]CAN!B145="","",[3]CAN!B145) -> 796793 | F158: =+IF([3]CAN!C145="","",[3]CAN!C145) -> 154.99215 | G158: =+IF([3]CAN!D145="","",[3]CAN!D145) -> 159.941 | H158: =+IF([3]CAN!E145="","",[3]CAN!E145) -> 155.413 | I158: =+IF([3]CAN!F145="","",[3]CAN!F145) -> 7058582 | J158: =+IF([3]CAN!G145="","",[3]CAN!G145) -> 131774 | K158: =+IF([3]CAN!H145="","",[3]CAN!H145) -> 4217 | L158: =+IF([3]CAN!I145="","",[3]CAN!I145) -> 85.1 | M158: =+IF([3]CAN!J145="","",[3]CAN!J145) -> 796793 | N158: =+'[1]Trim CM INICIAL_ECM'!J147 -> 135.47417 | P158: 203004
D159: 200701 | E159: =+IF([3]CAN!B146="","",[3]CAN!B146) -> 791082 | F159: =+IF([3]CAN!C146="","",[3]CAN!C146) -> 133.44451 | G159: =+IF([3]CAN!D146="","",[3]CAN!D146) -> 135.643 | H159: =+IF([3]CAN!E146="","",[3]CAN!E146) -> 153.815 | I159: =+IF([3]CAN!F146="","",[3]CAN!F146) -> 7402092 | J159: =+IF([3]CAN!G146="","",[3]CAN!G146) -> 238877 | K159: =+IF([3]CAN!H146="","",[3]CAN!H146) -> 6588 | L159: =+IF([3]CAN!I146="","",[3]CAN!I146) -> 84.86 | M159: =+IF([3]CAN!J146="","",[3]CAN!J146) -> 791082
D160: 200702 | E160: =+IF([3]CAN!B147="","",[3]CAN!B147) -> 794705 | F160: =+IF([3]CAN!C147="","",[3]CAN!C147) -> 120.93381 | G160: =+IF([3]CAN!D147="","",[3]CAN!D147) -> 108.927 | H160: =+IF([3]CAN!E147="","",[3]CAN!E147) -> 136.24 | I160: =+IF([3]CAN!F147="","",[3]CAN!F147) -> 6920696 | J160: =+IF([3]CAN!G147="","",[3]CAN!G147) -> 247553 | K160: =+IF([3]CAN!H147="","",[3]CAN!H147) -> 4859 | L160: =+IF([3]CAN!I147="","",[3]CAN!I147) -> 84.864 | M160: =+IF([3]CAN!J147="","",[3]CAN!J147) -> 794705
D161: 200703 | E161: =+IF([3]CAN!B148="","",[3]CAN!B148) -> 799871 | F161: =+IF([3]CAN!C148="","",[3]CAN!C148) -> 141.06717 | G161: =+IF([3]CAN!D148="","",[3]CAN!D148) -> 122.228 | H161: =+IF([3]CAN!E148="","",[3]CAN!E148) -> 145.391 | I161: =+IF([3]CAN!F148="","",[3]CAN!F148) -> 7869964 | J161: =+IF([3]CAN!G148="","",[3]CAN!G148) -> 228531 | K161: =+IF([3]CAN!H148="","",[3]CAN!H148) -> 5532 | L161: =+IF([3]CAN!I148="","",[3]CAN!I148) -> 85.443 | M161: =+IF([3]CAN!J148="","",[3]CAN!J148) -> 799871
D162: 200704 | E162: =+IF([3]CAN!B149="","",[3]CAN!B149) -> 801016 | F162: =+IF([3]CAN!C149="","",[3]CAN!C149) -> 128.92892 | G162: =+IF([3]CAN!D149="","",[3]CAN!D149) -> 112.223 | H162: =+IF([3]CAN!E149="","",[3]CAN!E149) -> 144.083 | I162: =+IF([3]CAN!F149="","",[3]CAN!F149) -> 6768347 | J162: =+IF([3]CAN!G149="","",[3]CAN!G149) -> 251590 | K162: =+IF([3]CAN!H149="","",[3]CAN!H149) -> 4633 | L162: =+IF([3]CAN!I149="","",[3]CAN!I149) -> 86.347 | M162: =+IF([3]CAN!J149="","",[3]CAN!J149) -> 801016
D163: 200705 | E163: =+IF([3]CAN!B150="","",[3]CAN!B150) -> 798463 | F163: =+IF([3]CAN!C150="","",[3]CAN!C150) -> 128.53424 | G163: =+IF([3]CAN!D150="","",[3]CAN!D150) -> 112.302 | H163: =+IF([3]CAN!E150="","",[3]CAN!E150) -> 149.167 | I163: =+IF([3]CAN!F150="","",[3]CAN!F150) -> 5350968 | J163: =+IF([3]CAN!G150="","",[3]CAN!G150) -> 231944 | K163: =+IF([3]CAN!H150="","",[3]CAN!H150) -> 5670 | L163: =+IF([3]CAN!I150="","",[3]CAN!I150) -> 86.53 | M163: =+IF([3]CAN!J150="","",[3]CAN!J150) -> 798463
D164: 200706 | E164: =+IF([3]CAN!B151="","",[3]CAN!B151) -> 797216 | F164: =+IF([3]CAN!C151="","",[3]CAN!C151) -> 132.90504 | G164: =+IF([3]CAN!D151="","",[3]CAN!D151) -> 113.557 | H164: =+IF([3]CAN!E151="","",[3]CAN!E151) -> 138.564 | I164: =+IF([3]CAN!F151="","",[3]CAN!F151) -> 5967421 | J164: =+IF([3]CAN!G151="","",[3]CAN!G151) -> 239085 | K164: =+IF([3]CAN!H151="","",[3]CAN!H151) -> 5905 | L164: =+IF([3]CAN!I151="","",[3]CAN!I151) -> 86.821 | M164: =+IF([3]CAN!J151="","",[3]CAN!J151) -> 797216
D165: 200707 | E165: =+IF([3]CAN!B152="","",[3]CAN!B152) -> 797017 | F165: =+IF([3]CAN!C152="","",[3]CAN!C152) -> 141.1566 | G165: =+IF([3]CAN!D152="","",[3]CAN!D152) -> 125.041 | H165: =+IF([3]CAN!E152="","",[3]CAN!E152) -> 148.005 | I165: =+IF([3]CAN!F152="","",[3]CAN!F152) -> 7928847 | J165: =+IF([3]CAN!G152="","",[3]CAN!G152) -> 223359 | K165: =+IF([3]CAN!H152="","",[3]CAN!H152) -> 4772 | L165: =+IF([3]CAN!I152="","",[3]CAN!I152) -> 86.243 | M165: =+IF([3]CAN!J152="","",[3]CAN!J152) -> 797017
D166: 200708 | E166: =+IF([3]CAN!B153="","",[3]CAN!B153) -> 797651 | F166: =+IF([3]CAN!C153="","",[3]CAN!C153) -> 137.673 | G166: =+IF([3]CAN!D153="","",[3]CAN!D153) -> 123.36 | H166: =+IF([3]CAN!E153="","",[3]CAN!E153) -> 133.626 | I166: =+IF([3]CAN!F153="","",[3]CAN!F153) -> 9060324 | J166: =+IF([3]CAN!G153="","",[3]CAN!G153) -> 268810 | K166: =+IF([3]CAN!H153="","",[3]CAN!H153) -> 4764 | L166: =+IF([3]CAN!I153="","",[3]CAN!I153) -> 86.32 | M166: =+IF([3]CAN!J153="","",[3]CAN!J153) -> 797651
D167: 200709 | E167: =+IF([3]CAN!B154="","",[3]CAN!B154) -> 800778 | F167: =+IF([3]CAN!C154="","",[3]CAN!C154) -> 128.7201 | G167: =+IF([3]CAN!D154="","",[3]CAN!D154) -> 113.717 | H167: =+IF([3]CAN!E154="","",[3]CAN!E154) -> 129.414 | I167: =+IF([3]CAN!F154="","",[3]CAN!F154) -> 6821517 | J167: =+IF([3]CAN!G154="","",[3]CAN!G154) -> 236628 | K167: =+IF([3]CAN!H154="","",[3]CAN!H154) -> 4646 | L167: =+IF([3]CAN!I154="","",[3]CAN!I154) -> 86.523 | M167: =+IF([3]CAN!J154="","",[3]CAN!J154) -> 800778
D168: 200710 | E168: =+IF([3]CAN!B155="","",[3]CAN!B155) -> 802484 | F168: =+IF([3]CAN!C155="","",[3]CAN!C155) -> 140.19507 | G168: =+IF([3]CAN!D155="","",[3]CAN!D155) -> 119.045 | H168: =+IF([3]CAN!E155="","",[3]CAN!E155) -> 144.955 | I168: =+IF([3]CAN!F155="","",[3]CAN!F155) -> 7129740 | J168: =+IF([3]CAN!G155="","",[3]CAN!G155) -> 262711 | K168: =+IF([3]CAN!H155="","",[3]CAN!H155) -> 4744 | L168: =+IF([3]CAN!I155="","",[3]CAN!I155) -> 87.446 | M168: =+IF([3]CAN!J155="","",[3]CAN!J155) -> 802484
D169: 200711 | E169: =+IF([3]CAN!B156="","",[3]CAN!B156) -> 806116 | F169: =+IF([3]CAN!C156="","",[3]CAN!C156) -> 140.02848 | G169: =+IF([3]CAN!D156="","",[3]CAN!D156) -> 121.264 | H169: =+IF([3]CAN!E156="","",[3]CAN!E156) -> 137.983 | I169: =+IF([3]CAN!F156="","",[3]CAN!F156) -> 7160701 | J169: =+IF([3]CAN!G156="","",[3]CAN!G156) -> 236888 | K169: =+IF([3]CAN!H156="","",[3]CAN!H156) -> 5031 | L169: =+IF([3]CAN!I156="","",[3]CAN!I156) -> 88.286 | M169: =+IF([3]CAN!J156="","",[3]CAN!J156) -> 806116
D170: 200712 | E170: =+IF([3]CAN!B157="","",[3]CAN!B157) -> 806196 | F170: =+IF([3]CAN!C157="","",[3]CAN!C157) -> 155.19201 | G170: =+IF([3]CAN!D157="","",[3]CAN!D157) -> 157.595 | H170: =+IF([3]CAN!E157="","",[3]CAN!E157) -> 136.676 | I170: =+IF([3]CAN!F157="","",[3]CAN!F157) -> 7058642 | J170: =+IF([3]CAN!G157="","",[3]CAN!G157) -> 220579 | K170: =+IF([3]CAN!H157="","",[3]CAN!H157) -> 3777 | L170: =+IF([3]CAN!I157="","",[3]CAN!I157) -> 88.795 | M170: =+IF([3]CAN!J157="","",[3]CAN!J157) -> 806196
... D446: 203012 | E446: =+IF([3]CAN!B433="","",[3]CAN!B433) | F446: =+IF([3]CAN!C433="","",[3]CAN!C433) | G446: =+IF([3]CAN!D433="","",[3]CAN!D433) | H446: =+IF([3]CAN!E433="","",[3]CAN!E433) | I446: =+IF([3]CAN!F433="","",[3]CAN!F433) | J446: =+IF([3]CAN!G433="","",[3]CAN!G433) | K446: =+IF([3]CAN!H433="","",[3]CAN!H433) | L446: =+IF([3]CAN!I433="","",[3]CAN!I433) | M446: =+IF([3]CAN!J433="","",[3]CAN!J433)

Sheet CNT
D1: Acrónimo | E1: AFI | F1: IAS | G1: ICM | H1: IPI | I1: PER | J1: GAS | K1: HIP | L1: IPC | M1: AFIE | N1: PIB | O1: PIB_CCAA
D2: SA | E2: 0 | F2: 0 | G2: 0 | H2: 0 | I2: 0 | J2: 0 | K2: 0 | L2: 0 | M2: 0 | N2: 0 | O2: 0
D3: DEF | E3: 1 | F3: 1 | G3: 1 | H3: 1 | I3: 1 | J3: 1 | K3: 1 | L3: 1 | M3: 1 | N3: 1 | O3: 1
D4: Serie | E4: afiliados | F4: creditos | G4: depositos | H4: consumo productos petro | I4: hipotecas | J4: indice actividad serviciios | K4: indice comercio al por menor | L4: indice comercio al por menor | M4: indice comercio al por menor | N4: PIB ESPAÑA | O4: PIB ccaa
D5: Enlaces y Deflactores
D6: Fecha INI MOD | E6: 34700 | F6: 34700 | G6: 34700 | H6: 34731 | I6: 34759 | J6: 34790 | K6: 34820 | L6: 34851 | M6: 34881 | N6: 34973 | O6: 35004
D7: Cod | E7: SC | F7: 190000m | G7: 229000cc.d | H7: 229000cc.d | I7: 229000cc.d | J7: 229000cc.d | K7: 229000cc.d | L7: 229000cc.d | M7: 229000cc.d | N7: 229000cc.d | O7: 229000cc.d
D8: Año | E8: 1995 | F8: 2005 | G8: 2001 | H8: 1995 | I8: 1995 | J8: 1997 | K8: 1995 | L8: 1995 | M8: 1995 | N8: 1995 | O8: 2000
D9: Freq | E9: 12 | F9: 12 | G9: 12 | H9: 12 | I9: 12 | J9: 12 | K9: 12 | L9: 12 | M9: 12 | N9: 4 | O9: 1
D10: Mes INI | E10: 8 | F10: 1 | G10: 1 | H10: 1 | I10: 1 | J10: 1 | K10: 1 | L10: 1 | M10: 1 | N10: 1 | O10: 0
D11: type | E11: 6 | F11: 6 | G11: 6 | H11: 6 | I11: 6 | J11: 6 | K11: 6 | L11: 6 | M11: 6 | N11: 2 | O11: 1
D12: dlg | E12: 1 | F12: 1 | G12: 1 | H12: 1 | I12: 1 | J12: 1 | K12: 1 | L12: 1 | M12: 1 | N12: 1 | O12: 1
D13: selector | E13: =+AND!E13 -> 1 | F13: =+AND!F13 -> 1 | G13: =+AND!G13 -> 1 | H13: =+AND!H13 -> 1 | I13: =+AND!I13 -> 1 | J13: =+AND!J13 -> 1 | K13: =+AND!K13 -> 1 | L13: =+AND!L13 -> 1 | ... O13: =+AND!O13 -> 1
A14: Posición de outlier---> | D14: outliers | E14: 0 | F14: 0 | G14: 0 | H14: 0 | I14: 0 | J14: 0 | K14: 0 | L14: 0 | M14: 0 | N14: 0 | O14: 0
A15: =VALUE("1/"&C15&"/"&B15) -> 34700 | B15: =LEFT(D15,4) -> 1995 | C15: 1 | D15: 199501 | E15: =+IF([3]CNT!B2="","",[3]CNT!B2) -> 146294.93 | F15: =+IF([3]CNT!C2="","",[3]CNT!C2) | G15: =+IF([3]CNT!D2="","",[3]CNT!D2) | H15: =+IF([3]CNT!E2="","",[3]CNT!E2) -> 78.499431 | I15: =+IF([3]CNT!F2="","",[3]CNT!F2) -> 29907.671 | J15: =+IF([3]CNT!G2="","",[3]CNT!G2) | K15: =+IF([3]CNT!H2="","",[3]CNT!H2) -> 402.4644 | L15: =+IF([3]CNT!I2="","",[3]CNT!I2) -> 57.4401 | M15: =+IF([3]CNT!J2="","",[3]CNT!J2) -> 146294.93 | N15: =+'[1]Trim CM INICIAL_ECM'!J4 -> 67.016017 | O15: =+[2]anu!B2 -> 84.237632 | P15: 199501 | Q15: 2000
A16: =VALUE("1/"&C16&"/"&B16) -> 34731 | B16: =LEFT(D16,4) -> 1995 | C16: 2 | D16: 199502 | E16: =+IF([3]CNT!B3="","",[3]CNT!B3) -> 147539.59 | F16: =+IF([3]CNT!C3="","",[3]CNT!C3) | G16: =+IF([3]CNT!D3="","",[3]CNT!D3) | H16: =+IF([3]CNT!E3="","",[3]CNT!E3) -> 77.400489 | I16: =+IF([3]CNT!F3="","",[3]CNT!F3) -> 36630.857 | J16: =+IF([3]CNT!G3="","",[3]CNT!G3) | K16: =+IF([3]CNT!H3="","",[3]CNT!H3) -> 261.47368 | L16: =+IF([3]CNT!I3="","",[3]CNT!I3) -> 57.61242 | M16: =+IF([3]CNT!J3="","",[3]CNT!J3) -> 147539.59 | N16: =+'[1]Trim CM INICIAL_ECM'!J5 -> 67.457788 | O16: =+[2]anu!B3 -> 87.471178 | P16: 199502 | Q16: =+Q15+1 -> 2001
A17: =VALUE("1/"&C17&"/"&B17) -> 34759 | B17: =LEFT(D17,4) -> 1995 | C17: 3 | D17: 199503 | E17: =+IF([3]CNT!B4="","",[3]CNT!B4) -> 148265.64 | F17: =+IF([3]CNT!C4="","",[3]CNT!C4) | G17: =+IF([3]CNT!D4="","",[3]CNT!D4) | H17: =+IF([3]CNT!E4="","",[3]CNT!E4) -> 87.72597 | I17: =+IF([3]CNT!F4="","",[3]CNT!F4) -> 57502.927 | J17: =+IF([3]CNT!G4="","",[3]CNT!G4) | K17: =+IF([3]CNT!H4="","",[3]CNT!H4) -> 630.613 | L17: =+IF([3]CNT!I4="","",[3]CNT!I4) -> 58.015707 | M17: =+IF([3]CNT!J4="","",[3]CNT!J4) -> 148265.64 | N17: =+'[1]Trim CM INICIAL_ECM'!J6 -> 67.756519 | O17: =+[2]anu!B4 -> 90.579301 | P17: 199503 | Q17: =+Q16+1 -> 2002
A18: =VALUE("1/"&C18&"/"&B18) -> 34790 | B18: =LEFT(D18,4) -> 1995 | C18: 4 | D18: 199504 | E18: =+IF([3]CNT!B5="","",[3]CNT!B5) -> 149132.15 | F18: =+IF([3]CNT!C5="","",[3]CNT!C5) | G18: =+IF([3]CNT!D5="","",[3]CNT!D5) | H18: =+IF([3]CNT!E5="","",[3]CNT!E5) -> 77.986708 | I18: =+IF([3]CNT!F5="","",[3]CNT!F5) -> 105081.91 | J18: =+IF([3]CNT!G5="","",[3]CNT!G5) | K18: =+IF([3]CNT!H5="","",[3]CNT!H5) -> 440.91641 | L18: =+IF([3]CNT!I5="","",[3]CNT!I5) -> 58.24777 | M18: =+IF([3]CNT!J5="","",[3]CNT!J5) -> 149132.15 | N18: =+'[1]Trim CM INICIAL_ECM'!J7 -> 68.269558 | O18: =+[2]anu!B5 -> 94.186666 | P18: 199504 | Q18: =+Q17+1 -> 2003
A19: =VALUE("1/"&C19&"/"&B19) -> 34820 | B19: =LEFT(D19,4) -> 1995 | C19: 5 | D19: 199505 | E19: =+IF([3]CNT!B6="","",[3]CNT!B6) -> 150493.78 | F19: =+IF([3]CNT!C6="","",[3]CNT!C6) | G19: =+IF([3]CNT!D6="","",[3]CNT!D6) | H19: =+IF([3]CNT!E6="","",[3]CNT!E6) -> 86.041002 | I19: =+IF([3]CNT!F6="","",[3]CNT!F6) -> 80976.279 | J19: =+IF([3]CNT!G6="","",[3]CNT!G6) | K19: =+IF([3]CNT!H6="","",[3]CNT!H6) -> 572.93498 | L19: =+IF([3]CNT!I6="","",[3]CNT!I6) -> 58.24777 | M19: =+IF([3]CNT!J6="","",[3]CNT!J6) -> 150493.78 | N19: =+'[1]Trim CM INICIAL_ECM'!J8 -> 68.661842 | O19: =+[2]anu!B6 -> 97.421534 | P19: 199601 | Q19: =+Q18+1 -> 2004
A20: =VALUE("1/"&C20&"/"&B20) -> 34851 | B20: =LEFT(D20,4) -> 1995 | C20: 6 | D20: 199506 | E20: =+IF([3]CNT!B7="","",[3]CNT!B7) -> 151519.74 | F20: =+IF([3]CNT!C7="","",[3]CNT!C7) | G20: =+IF([3]CNT!D7="","",[3]CNT!D7) | H20: =+IF([3]CNT!E7="","",[3]CNT!E7) -> 85.455138 | I20: =+IF([3]CNT!F7="","",[3]CNT!F7) -> 117369.18 | J20: =+IF([3]CNT!G7="","",[3]CNT!G7) | K20: =+IF([3]CNT!H7="","",[3]CNT!H7) -> 784.42105 | L20: =+IF([3]CNT!I7="","",[3]CNT!I7) -> 58.306018 | M20: =+IF([3]CNT!J7="","",[3]CNT!J7) -> 151519.74 | N20: =+'[1]Trim CM INICIAL_ECM'!J9 -> 69.136714 | O20: =+[2]anu!B7 -> 100.69843 | P20: 199602 | Q20: =+Q19+1 -> 2005
A21: =VALUE("1/"&C21&"/"&B21) -> 34881 | B21: =LEFT(D21,4) -> 1995 | C21: 7 | D21: 199507 | E21: =+IF([3]CNT!B8="","",[3]CNT!B8) -> 154934.28 | F21: =+IF([3]CNT!C8="","",[3]CNT!C8) | G21: =+IF([3]CNT!D8="","",[3]CNT!D8) | H21: =+IF([3]CNT!E8="","",[3]CNT!E8) -> 79.231359 | I21: =+IF([3]CNT!F8="","",[3]CNT!F8) -> 212657.49 | J21: =+IF([3]CNT!G8="","",[3]CNT!G8) | K21: =+IF([3]CNT!H8="","",[3]CNT!H8) -> 430.66254 | L21: =+IF([3]CNT!I8="","",[3]CNT!I8) -> 58.364324 | M21: =+IF([3]CNT!J8="","",[3]CNT!J8) -> 154934.28 | N21: =+'[1]Trim CM INICIAL_ECM'!J10 -> 69.703856 | O21: =+[2]anu!B8 -> 104.7389 | P21: 199603 | Q21: =+Q20+1 -> 2006
A22: =VALUE("1/"&C22&"/"&B22) -> 34912 | B22: =LEFT(D22,4) -> 1995 | C22: 8 | D22: 199508 | E22: =+IF([3]CNT!B9="","",[3]CNT!B9) -> 157701.64 | F22: =+IF([3]CNT!C9="","",[3]CNT!C9) | G22: =+IF([3]CNT!D9="","",[3]CNT!D9) | H22: =+IF([3]CNT!E9="","",[3]CNT!E9) -> 53.382252 | I22: =+IF([3]CNT!F9="","",[3]CNT!F9) -> 299594.41 | J22: =+IF([3]CNT!G9="","",[3]CNT!G9) | K22: =+IF([3]CNT!H9="","",[3]CNT!H9) -> 588.31579 | L22: =+IF([3]CNT!I9="","",[3]CNT!I9) -> 58.71451 | M22: =+IF([3]CNT!J9="","",[3]CNT!J9) -> 157701.64 | N22: =+'[1]Trim CM INICIAL_ECM'!J11 -> 70.050606 | O22: =+[2]anu!B9 -> 108.3741 | P22: 199604 | Q22: =+Q21+1 -> 2007
A23: =VALUE("1/"&C23&"/"&B23) -> 34943 | B23: =LEFT(D23,4) -> 1995 | C23: 9 | D23: 199509 | E23: =+IF([3]CNT!B10="","",[3]CNT!B10) -> 153167.6 | F23: =+IF([3]CNT!C10="","",[3]CNT!C10) | G23: =+IF([3]CNT!D10="","",[3]CNT!D10) | H23: =+IF([3]CNT!E10="","",[3]CNT!E10) -> 80.256783 | I23: =+IF([3]CNT!F10="","",[3]CNT!F10) -> 171040.42 | J23: =+IF([3]CNT!G10="","",[3]CNT!G10) | K23: =+IF([3]CNT!H10="","",[3]CNT!H10) -> 669.06502 | L23: =+IF([3]CNT!I10="","",[3]CNT!I10) -> 58.773224 | M23: =+IF([3]CNT!J10="","",[3]CNT!J10) -> 153167.6 | N23: =+'[1]Trim CM INICIAL_ECM'!J12 -> 70.749209 | O23: =+[2]anu!B10 -> 108.48215 | P23: 199701 | Q23: =+Q22+1 -> 2008
A24: =VALUE("1/"&C24&"/"&B24) -> 34973 | B24: =LEFT(D24,4) -> 1995 | C24: 10 | D24: 199510 | E24: =+IF([3]CNT!B11="","",[3]CNT!B11) -> 150378.55 | F24: =+IF([3]CNT!C11="","",[3]CNT!C11) | G24: =+IF([3]CNT!D11="","",[3]CNT!D11) | H24: =+IF([3]CNT!E11="","",[3]CNT!E11) -> 80.988999 | I24: =+IF([3]CNT!F11="","",[3]CNT!F11) -> 99189.235 | J24: =+IF([3]CNT!G11="","",[3]CNT!G11) | K24: =+IF([3]CNT!H11="","",[3]CNT!H11) -> 692.13622 | L24: =+IF([3]CNT!I11="","",[3]CNT!I11) -> 58.949544 | M24: =+IF([3]CNT!J11="","",[3]CNT!J11) -> 150378.55 | N24: =+'[1]Trim CM INICIAL_ECM'!J13 -> 71.387254 | O24: =+[2]anu!B11 -> 104.02309 | P24: 199702 | Q24: =+Q23+1 -> 2009
A25: =VALUE("1/"&C25&"/"&B25) -> 35004 | B25: =LEFT(D25,4) -> 1995 | C25: 11 | D25: 199511 | E25: =+IF([3]CNT!B12="","",[3]CNT!B12) -> 149802.3 | F25: =+IF([3]CNT!C12="","",[3]CNT!C12) | G25: =+IF([3]CNT!D12="","",[3]CNT!D12) | H25: =+IF([3]CNT!E12="","",[3]CNT!E12) -> 81.208689 | I25: =+IF([3]CNT!F12="","",[3]CNT!F12) -> 44258.206 | J25: =+IF([3]CNT!G12="","",[3]CNT!G12) | K25: =+IF([3]CNT!H12="","",[3]CNT!H12) -> 647.27554 | L25: =+IF([3]CNT!I12="","",[3]CNT!I12) -> 59.185342 | M25: =+IF([3]CNT!J12="","",[3]CNT!J12) -> 149802.3 | N25: =+'[1]Trim CM INICIAL_ECM'!J14 -> 72.179702 | O25: =+[2]anu!B12 -> 102.64082 | P25: 199703 | Q25: =+Q24+1 -> 2010
A26: =VALUE("1/"&C26&"/"&B26) -> 35034 | B26: =LEFT(D26,4) -> 1995 | C26: 12 | D26: 199512 | E26: =+IF([3]CNT!B13="","",[3]CNT!B13) -> 150011.52 | F26: =+IF([3]CNT!C13="","",[3]CNT!C13) | G26: =+IF([3]CNT!D13="","",[3]CNT!D13) | H26: =+IF([3]CNT!E13="","",[3]CNT!E13) -> 68.686896 | I26: =+IF([3]CNT!F13="","",[3]CNT!F13) -> 34241.375 | J26: =+IF([3]CNT!G13="","",[3]CNT!G13) | K26: =+IF([3]CNT!H13="","",[3]CNT!H13) -> 513.97523 | L26: =+IF([3]CNT!I13="","",[3]CNT!I13) -> 59.303713 | M26: =+IF([3]CNT!J13="","",[3]CNT!J13) -> 150011.52 | N26: =+'[1]Trim CM INICIAL_ECM'!J15 -> 73.193535 | O26: =+[2]anu!B13 -> 102.3609 | P26: 199704 | Q26: =+Q25+1 -> 2011
A27: =VALUE("1/"&C27&"/"&B27) -> 35065 | B27: =LEFT(D27,4) -> 1996 | C27: 1 | D27: 199601 | E27: =+IF([3]CNT!B14="","",[3]CNT!B14) -> 145662.57 | F27: =+IF([3]CNT!C14="","",[3]CNT!C14) | G27: =+IF([3]CNT!D14="","",[3]CNT!D14) | H27: =+IF([3]CNT!E14="","",[3]CNT!E14) -> 77.474252 | I27: =+IF([3]CNT!F14="","",[3]CNT!F14) -> 28539.024 | J27: =+IF([3]CNT!G14="","",[3]CNT!G14) | K27: =+IF([3]CNT!H14="","",[3]CNT!H14) -> 649.83901 | L27: =+IF([3]CNT!I14="","",[3]CNT!I14) -> 59.718839 | M27: =+IF([3]CNT!J14="","",[3]CNT!J14) -> 145662.57 | N27: =+'[1]Trim CM INICIAL_ECM'!J16 -> 73.809914 | O27: =+[2]anu!B14 -> 98.790917 | P27: 199801 | Q27: =+Q26+1 -> 2012
... A45: =VALUE("1/"&C45&"/"&B45) -> 35612 | B45: =LEFT(D45,4) -> 1997 | C45: 7 | D45: 199707 | E45: =+IF([3]CNT!B32="","",[3]CNT!B32) -> 160939.65 | F45: =+IF([3]CNT!C32="","",[3]CNT!C32) | G45: =+IF([3]CNT!D32="","",[3]CNT!D32) | H45: =+IF([3]CNT!E32="","",[3]CNT!E32) -> 88.970519 | I45: =+IF([3]CNT!F32="","",[3]CNT!F32) -> 204828.49 | J45: =+IF([3]CNT!G32="","",[3]CNT!G32) -> 27776 | K45: =+IF([3]CNT!H32="","",[3]CNT!H32) -> 556.27245 | L45: =+IF([3]CNT!I32="","",[3]CNT!I32) -> 61.718468 | M45: =+IF([3]CNT!J32="","",[3]CNT!J32) -> 160939.65 | N45: =+'[1]Trim CM INICIAL_ECM'!J34 -> 88.1866 | O45: =+[2]anu!B32 -> 133.35611 | P45: 200203 | Q45: =+Q44+1 -> 2030
A46: =VALUE("1/"&C46&"/"&B46) -> 35643 | B46: =LEFT(D46,4) -> 1997 | C46: 8 | D46: 199708 | E46: =+IF([3]CNT!B33="","",[3]CNT!B33) -> 164227.53 | F46: =+IF([3]CNT!C33="","",[3]CNT!C33) | G46: =+IF([3]CNT!D33="","",[3]CNT!D33) | H46: =+IF([3]CNT!E33="","",[3]CNT!E33) -> 56.823906 | I46: =+IF([3]CNT!F33="","",[3]CNT!F33) -> 292021.71 | J46: =+IF([3]CNT!G33="","",[3]CNT!G33) -> 26043 | K46: =+IF([3]CNT!H33="","",[3]CNT!H33) -> 440.91641 | L46: =+IF([3]CNT!I33="","",[3]CNT!I33) -> 61.965342 | M46: =+IF([3]CNT!J33="","",[3]CNT!J33) -> 164227.53 | N46: =+'[1]Trim CM INICIAL_ECM'!J35 -> 88.87513 | P46: 200204
A47: =VALUE("1/"&C47&"/"&B47) -> 35674 | B47: =LEFT(D47,4) -> 1997 | C47: 9 | D47: 199709 | E47: =+IF([3]CNT!B34="","",[3]CNT!B34) -> 159204.27 | F47: =+IF([3]CNT!C34="","",[3]CNT!C34) | G47: =+IF([3]CNT!D34="","",[3]CNT!D34) | H47: =+IF([3]CNT!E34="","",[3]CNT!E34) -> 86.481077 | I47: =+IF([3]CNT!F34="","",[3]CNT!F34) -> 170786.63 | J47: =+IF([3]CNT!G34="","",[3]CNT!G34) -> 23911 | K47: =+IF([3]CNT!H34="","",[3]CNT!H34) -> 671.62848 | L47: =+IF([3]CNT!I34="","",[3]CNT!I34) -> 62.151238 | M47: =+IF([3]CNT!J34="","",[3]CNT!J34) -> 159204.27 | N47: =+'[1]Trim CM INICIAL_ECM'!J36 -> 89.731812 | P47: 200301
A48: =VALUE("1/"&C48&"/"&B48) -> 35704 | B48: =LEFT(D48,4) -> 1997 | C48: 10 | D48: 199710 | E48: =+IF([3]CNT!B35="","",[3]CNT!B35) -> 156569.08 | F48: =+IF([3]CNT!C35="","",[3]CNT!C35) | G48: =+IF([3]CNT!D35="","",[3]CNT!D35) | H48: =+IF([3]CNT!E35="","",[3]CNT!E35) -> 91.094317 | I48: =+IF([3]CNT!F35="","",[3]CNT!F35) -> 96280.824 | J48: =+IF([3]CNT!G35="","",[3]CNT!G35) -> 24573 | K48: =+IF([3]CNT!H35="","",[3]CNT!H35) -> 676.75542 | L48: =+IF([3]CNT!I35="","",[3]CNT!I35) -> 61.964784 | M48: =+IF([3]CNT!J35="","",[3]CNT!J35) -> 156569.08 | N48: =+'[1]Trim CM INICIAL_ECM'!J37 -> 90.07568 | P48: 200302
A49: =VALUE("1/"&C49&"/"&B49) -> 35735 | B49: =LEFT(D49,4) -> 1997 | C49: 11 | D49: 199711 | E49: =+IF([3]CNT!B36="","",[3]CNT!B36) -> 156927.63 | F49: =+IF([3]CNT!C36="","",[3]CNT!C36) | G49: =+IF([3]CNT!D36="","",[3]CNT!D36) | H49: =+IF([3]CNT!E36="","",[3]CNT!E36) -> 86.407802 | I49: =+IF([3]CNT!F36="","",[3]CNT!F36) -> 40211.139 | J49: =+IF([3]CNT!G36="","",[3]CNT!G36) -> 23465 | K49: =+IF([3]CNT!H36="","",[3]CNT!H36) -> 786.98452 | L49: =+IF([3]CNT!I36="","",[3]CNT!I36) -> 62.088714 | M49: =+IF([3]CNT!J36="","",[3]CNT!J36) -> 156927.63 | N49: =+'[1]Trim CM INICIAL_ECM'!J38 -> 90.746529 | P49: 200303
A50: =VALUE("1/"&C50&"/"&B50) -> 35765 | B50: =LEFT(D50,4) -> 1997 | C50: 12 | D50: 199712 | E50: =+IF([3]CNT!B37="","",[3]CNT!B37) -> 155776.04 | F50: =+IF([3]CNT!C37="","",[3]CNT!C37) | G50: =+IF([3]CNT!D37="","",[3]CNT!D37) | H50: =+IF([3]CNT!E37="","",[3]CNT!E37) -> 79.524487 | I50: =+IF([3]CNT!F37="","",[3]CNT!F37) -> 34862.257 | J50: =+IF([3]CNT!G37="","",[3]CNT!G37) -> 26218 | K50: =+IF([3]CNT!H37="","",[3]CNT!H37) -> 648.55728 | L50: =+IF([3]CNT!I37="","",[3]CNT!I37) -> 62.399157 | M50: =+IF([3]CNT!J37="","",[3]CNT!J37) -> 155776.04 | N50: =+'[1]Trim CM INICIAL_ECM'!J39 -> 91.507449 | P50: 200304
A51: =VALUE("1/"&C51&"/"&B51) -> 35796 | B51: =LEFT(D51,4) -> 1998 | C51: 1 | D51: 199801 | E51: =+IF([3]CNT!B38="","",[3]CNT!B38) -> 153357.33 | F51: =+IF([3]CNT!C38="","",[3]CNT!C38) | G51: =+IF([3]CNT!D38="","",[3]CNT!D38) | H51: =+IF([3]CNT!E38="","",[3]CNT!E38) -> 82.380467 | I51: =+IF([3]CNT!F38="","",[3]CNT!F38) -> 28039.365 | J51: =+IF([3]CNT!G38="","",[3]CNT!G38) -> 24353 | K51: =+IF([3]CNT!H38="","",[3]CNT!H38) -> 830.56347 | L51: =+IF([3]CNT!I38="","",[3]CNT!I38) -> 62.399157 | M51: =+IF([3]CNT!J38="","",[3]CNT!J38) -> 153357.33 | N51: =+'[1]Trim CM INICIAL_ECM'!J40 -> 92.042783 | P51: 200401
A52: =VALUE("1/"&C52&"/"&B52) -> 35827 | B52: =LEFT(D52,4) -> 1998 | C52: 2 | D52: 199802 | E52: =+IF([3]CNT!B39="","",[3]CNT!B39) -> 155473.26 | F52: =+IF([3]CNT!C39="","",[3]CNT!C39) | G52: =+IF([3]CNT!D39="","",[3]CNT!D39) | H52: =+IF([3]CNT!E39="","",[3]CNT!E39) -> 84.357014 | I52: =+IF([3]CNT!F39="","",[3]CNT!F39) -> 44626.43 | J52: =+IF([3]CNT!G39="","",[3]CNT!G39) -> 24574 | K52: =+IF([3]CNT!H39="","",[3]CNT!H39) -> 635.73994 | L52: =+IF([3]CNT!I39="","",[3]CNT!I39) -> 62.21196 | M52: =+IF([3]CNT!J39="","",[3]CNT!J39) -> 155473.26 | N52: =+'[1]Trim CM INICIAL_ECM'!J41 -> 93.020239 | P52: 200402
A53: =VALUE("1/"&C53&"/"&B53) -> 35855 | B53: =LEFT(D53,4) -> 1998 | C53: 3 | D53: 199803 | E53: =+IF([3]CNT!B40="","",[3]CNT!B40) -> 157063.03 | F53: =+IF([3]CNT!C40="","",[3]CNT!C40) | G53: =+IF([3]CNT!D40="","",[3]CNT!D40) | H53: =+IF([3]CNT!E40="","",[3]CNT!E40) -> 92.485727 | I53: =+IF([3]CNT!F40="","",[3]CNT!F40) -> 88777.008 | J53: =+IF([3]CNT!G40="","",[3]CNT!G40) -> 28378 | K53: =+IF([3]CNT!H40="","",[3]CNT!H40) -> 671.62848 | L53: =+IF([3]CNT!I40="","",[3]CNT!I40) -> 62.21196 | M53: =+IF([3]CNT!J40="","",[3]CNT!J40) -> 157063.03 | N53: =+'[1]Trim CM INICIAL_ECM'!J42 -> 93.804639 | P53: 200403
A54: =VALUE("1/"&C54&"/"&B54) -> 35886 | B54: =LEFT(D54,4) -> 1998 | C54: 4 | D54: 199804 | E54: =+IF([3]CNT!B41="","",[3]CNT!B41) -> 158498.71 | F54: =+IF([3]CNT!C41="","",[3]CNT!C41) | G54: =+IF([3]CNT!D41="","",[3]CNT!D41) | H54: =+IF([3]CNT!E41="","",[3]CNT!E41) -> 87.140077 | I54: =+IF([3]CNT!F41="","",[3]CNT!F41) -> 126626.97 | J54: =+IF([3]CNT!G41="","",[3]CNT!G41) -> 27468 | K54: =+IF([3]CNT!H41="","",[3]CNT!H41) -> 601.13313 | L54: =+IF([3]CNT!I41="","",[3]CNT!I41) -> 62.647444 | M54: =+IF([3]CNT!J41="","",[3]CNT!J41) -> 158498.71 | N54: =+'[1]Trim CM INICIAL_ECM'!J43 -> 94.47041 | P54: 200404
A55: =VALUE("1/"&C55&"/"&B55) -> 35916 | B55: =LEFT(D55,4) -> 1998 | C55: 5 | D55: 199805 | E55: =+IF([3]CNT!B42="","",[3]CNT!B42) -> 160069.05 | F55: =+IF([3]CNT!C42="","",[3]CNT!C42) | G55: =+IF([3]CNT!D42="","",[3]CNT!D42) | H55: =+IF([3]CNT!E42="","",[3]CNT!E42) -> 91.532981 | I55: =+IF([3]CNT!F42="","",[3]CNT!F42) -> 142301.97 | J55: =+IF([3]CNT!G42="","",[3]CNT!G42) -> 26505 | K55: =+IF([3]CNT!H42="","",[3]CNT!H42) -> 635.73994 | L55: =+IF([3]CNT!I42="","",[3]CNT!I42) -> 62.898034 | M55: =+IF([3]CNT!J42="","",[3]CNT!J42) -> 160069.05 | N55: =+'[1]Trim CM INICIAL_ECM'!J44 -> 95.314485 | P55: 200501
A56: =VALUE("1/"&C56&"/"&B56) -> 35947 | B56: =LEFT(D56,4) -> 1998 | C56: 6 | D56: 199806 | E56: =+IF([3]CNT!B43="","",[3]CNT!B43) -> 162800.46 | F56: =+IF([3]CNT!C43="","",[3]CNT!C43) | G56: =+IF([3]CNT!D43="","",[3]CNT!D43) | H56: =+IF([3]CNT!E43="","",[3]CNT!E43) -> 91.313245 | I56: =+IF([3]CNT!F43="","",[3]CNT!F43) -> 184626.17 | J56: =+IF([3]CNT!G43="","",[3]CNT!G43) -> 27092 | K56: =+IF([3]CNT!H43="","",[3]CNT!H43) -> 629.33127 | L56: =+IF([3]CNT!I43="","",[3]CNT!I43) -> 62.960932 | M56: =+IF([3]CNT!J43="","",[3]CNT!J43) -> 162800.46 | N56: =+'[1]Trim CM INICIAL_ECM'!J45 -> 96.160515 | P56: 200502
A57: =VALUE("1/"&C57&"/"&B57) -> 35977 | B57: =LEFT(D57,4) -> 1998 | C57: 7 | D57: 199807 | E57: =+IF([3]CNT!B44="","",[3]CNT!B44) -> 167568.72 | F57: =+IF([3]CNT!C44="","",[3]CNT!C44) | G57: =+IF([3]CNT!D44="","",[3]CNT!D44) | H57: =+IF([3]CNT!E44="","",[3]CNT!E44) -> 91.753136 | I57: =+IF([3]CNT!F44="","",[3]CNT!F44) -> 308597.35 | J57: =+IF([3]CNT!G44="","",[3]CNT!G44) -> 30689 | K57: =+IF([3]CNT!H44="","",[3]CNT!H44) -> 813.90093 | L57: =+IF([3]CNT!I44="","",[3]CNT!I44) -> 63.212775 | M57: =+IF([3]CNT!J44="","",[3]CNT!J44) -> 167568.72 | N57: =+'[1]Trim CM INICIAL_ECM'!J46 -> 97.081208 | P57: 200503
... A115: =VALUE("1/"&C115&"/"&B115) -> 37742 | B115: =LEFT(D115,4) -> 2003 | C115: 5 | D115: 200305 | E115: =+IF([3]CNT!B102="","",[3]CNT!B102) -> 196816.26 | F115: =+IF([3]CNT!C102="","",[3]CNT!C102) | G115: =+IF([3]CNT!D102="","",[3]CNT!D102) -> 107.302 | H115: =+IF([3]CNT!E102="","",[3]CNT!E102) -> 99.985 | I115: =+IF([3]CNT!F102="","",[3]CNT!F102) -> 190544 | J115: =+IF([3]CNT!G102="","",[3]CNT!G102) -> 44301 | K115: =+IF([3]CNT!H102="","",[3]CNT!H102) -> 1104 | L115: =+IF([3]CNT!I102="","",[3]CNT!I102) -> 72.873 | M115: =+IF([3]CNT!J102="","",[3]CNT!J102) -> 196816.26 | N115: =+'[1]Trim CM INICIAL_ECM'!J104 -> 107.10463 | P115: 202001
D116: 200306 | E116: =+IF([3]CNT!B103="","",[3]CNT!B103) -> 198601.8 | F116: =+IF([3]CNT!C103="","",[3]CNT!C103) | G116: =+IF([3]CNT!D103="","",[3]CNT!D103) -> 104.569 | H116: =+IF([3]CNT!E103="","",[3]CNT!E103) -> 96.425 | I116: =+IF([3]CNT!F103="","",[3]CNT!F103) -> 237665 | J116: =+IF([3]CNT!G103="","",[3]CNT!G103) -> 41268 | K116: =+IF([3]CNT!H103="","",[3]CNT!H103) -> 912 | L116: =+IF([3]CNT!I103="","",[3]CNT!I103) -> 72.923 | M116: =+IF([3]CNT!J103="","",[3]CNT!J103) -> 198601.8 | N116: =+'[1]Trim CM INICIAL_ECM'!J105 -> 88.050276 | P116: 202002
D117: 200307 | E117: =+IF([3]CNT!B104="","",[3]CNT!B104) -> 203273.65 | F117: =+IF([3]CNT!C104="","",[3]CNT!C104) | G117: =+IF([3]CNT!D104="","",[3]CNT!D104) -> 125.238 | H117: =+IF([3]CNT!E104="","",[3]CNT!E104) -> 97.951 | I117: =+IF([3]CNT!F104="","",[3]CNT!F104) -> 378517 | J117: =+IF([3]CNT!G104="","",[3]CNT!G104) -> 47467 | K117: =+IF([3]CNT!H104="","",[3]CNT!H104) -> 1013 | L117: =+IF([3]CNT!I104="","",[3]CNT!I104) -> 72.667 | M117: =+IF([3]CNT!J104="","",[3]CNT!J104) -> 203273.65 | N117: =+'[1]Trim CM INICIAL_ECM'!J106 -> 102.0523 | P117: 202003
D118: 200308 | E118: =+IF([3]CNT!B105="","",[3]CNT!B105) -> 204469.31 | F118: =+IF([3]CNT!C105="","",[3]CNT!C105) | G118: =+IF([3]CNT!D105="","",[3]CNT!D105) -> 125.836 | H118: =+IF([3]CNT!E105="","",[3]CNT!E105) -> 56.553 | I118: =+IF([3]CNT!F105="","",[3]CNT!F105) -> 563364 | J118: =+IF([3]CNT!G105="","",[3]CNT!G105) -> 46168 | K118: =+IF([3]CNT!H105="","",[3]CNT!H105) -> 780 | L118: =+IF([3]CNT!I105="","",[3]CNT!I105) -> 72.678 | M118: =+IF([3]CNT!J105="","",[3]CNT!J105) -> 204469.31 | N118: =+'[1]Trim CM INICIAL_ECM'!J107 -> 102.79279 | P118: 202004
D119: 200309 | E119: =+IF([3]CNT!B106="","",[3]CNT!B106) -> 200576.02 | F119: =+IF([3]CNT!C106="","",[3]CNT!C106) | G119: =+IF([3]CNT!D106="","",[3]CNT!D106) -> 107.923 | H119: =+IF([3]CNT!E106="","",[3]CNT!E106) -> 96.323 | I119: =+IF([3]CNT!F106="","",[3]CNT!F106) -> 305769 | J119: =+IF([3]CNT!G106="","",[3]CNT!G106) -> 42251 | K119: =+IF([3]CNT!H106="","",[3]CNT!H106) -> 1116 | L119: =+IF([3]CNT!I106="","",[3]CNT!I106) -> 73.137 | M119: =+IF([3]CNT!J106="","",[3]CNT!J106) -> 200576.02 | N119: =+'[1]Trim CM INICIAL_ECM'!J108 -> 104.02811 | P119: 202101
D120: 200310 | E120: =+IF([3]CNT!B107="","",[3]CNT!B107) -> 198218.38 | F120: =+IF([3]CNT!C107="","",[3]CNT!C107) | G120: =+IF([3]CNT!D107="","",[3]CNT!D107) -> 110.439 | H120: =+IF([3]CNT!E107="","",[3]CNT!E107) -> 108.834 | I120: =+IF([3]CNT!F107="","",[3]CNT!F107) -> 164702 | J120: =+IF([3]CNT!G107="","",[3]CNT!G107) -> 44648 | K120: =+IF([3]CNT!H107="","",[3]CNT!H107) -> 1036 | L120: =+IF([3]CNT!I107="","",[3]CNT!I107) -> 73.76 | M120: =+IF([3]CNT!J107="","",[3]CNT!J107) -> 198218.38 | N120: =+'[1]Trim CM INICIAL_ECM'!J109 -> 105.45424 | P120: 202102
D121: 200311 | E121: =+IF([3]CNT!B108="","",[3]CNT!B108) -> 198967.65 | F121: =+IF([3]CNT!C108="","",[3]CNT!C108) | G121: =+IF([3]CNT!D108="","",[3]CNT!D108) -> 98.604 | H121: =+IF([3]CNT!E108="","",[3]CNT!E108) -> 100.188 | I121: =+IF([3]CNT!F108="","",[3]CNT!F108) -> 100093 | J121: =+IF([3]CNT!G108="","",[3]CNT!G108) -> 39735 | K121: =+IF([3]CNT!H108="","",[3]CNT!H108) -> 973 | L121: =+IF([3]CNT!I108="","",[3]CNT!I108) -> 74.111 | M121: =+IF([3]CNT!J108="","",[3]CNT!J108) -> 198967.65 | N121: =+'[1]Trim CM INICIAL_ECM'!J110 -> 107.53285 | P121: 202103
D122: 200312 | E122: =+IF([3]CNT!B109="","",[3]CNT!B109) -> 196626.73 | F122: =+IF([3]CNT!C109="","",[3]CNT!C109) | G122: =+IF([3]CNT!D109="","",[3]CNT!D109) -> 129.883 | H122: =+IF([3]CNT!E109="","",[3]CNT!E109) -> 85.948 | I122: =+IF([3]CNT!F109="","",[3]CNT!F109) -> 89529 | J122: =+IF([3]CNT!G109="","",[3]CNT!G109) -> 42741 | K122: =+IF([3]CNT!H109="","",[3]CNT!H109) -> 916 | L122: =+IF([3]CNT!I109="","",[3]CNT!I109) -> 74.157 | M122: =+IF([3]CNT!J109="","",[3]CNT!J109) -> 196626.73 | N122: =+'[1]Trim CM INICIAL_ECM'!J111 -> 109.71738 | P122: 202104
D123: 200401 | E123: =+IF([3]CNT!B110="","",[3]CNT!B110) -> 193421 | F123: =+IF([3]CNT!C110="","",[3]CNT!C110) | G123: =+IF([3]CNT!D110="","",[3]CNT!D110) -> 115.885 | H123: =+IF([3]CNT!E110="","",[3]CNT!E110) -> 88.084 | I123: =+IF([3]CNT!F110="","",[3]CNT!F110) -> 55088 | J123: =+IF([3]CNT!G110="","",[3]CNT!G110) -> 41799 | K123: =+IF([3]CNT!H110="","",[3]CNT!H110) -> 1182 | L123: =+IF([3]CNT!I110="","",[3]CNT!I110) -> 73.522 | M123: =+IF([3]CNT!J110="","",[3]CNT!J110) -> 193421 | N123: =+'[1]Trim CM INICIAL_ECM'!J112 -> 111.44189 | P123: 202201
D124: 200402 | E124: =+IF([3]CNT!B111="","",[3]CNT!B111) -> 195773 | F124: =+IF([3]CNT!C111="","",[3]CNT!C111) | G124: =+IF([3]CNT!D111="","",[3]CNT!D111) -> 96.251 | H124: =+IF([3]CNT!E111="","",[3]CNT!E111) -> 93.984 | I124: =+IF([3]CNT!F111="","",[3]CNT!F111) -> 80964 | J124: =+IF([3]CNT!G111="","",[3]CNT!G111) -> 41819 | K124: =+IF([3]CNT!H111="","",[3]CNT!H111) -> 1144 | L124: =+IF([3]CNT!I111="","",[3]CNT!I111) -> 73.193 | M124: =+IF([3]CNT!J111="","",[3]CNT!J111) -> 195773 | N124: =+'[1]Trim CM INICIAL_ECM'!J113 -> 113.33779 | P124: 202202
D125: 200403 | E125: =+IF([3]CNT!B112="","",[3]CNT!B112) -> 197523 | F125: =+IF([3]CNT!C112="","",[3]CNT!C112) | G125: =+IF([3]CNT!D112="","",[3]CNT!D112) -> 106.118 | H125: =+IF([3]CNT!E112="","",[3]CNT!E112) -> 106.393 | I125: =+IF([3]CNT!F112="","",[3]CNT!F112) -> 126433 | J125: =+IF([3]CNT!G112="","",[3]CNT!G112) -> 48091 | K125: =+IF([3]CNT!H112="","",[3]CNT!H112) -> 1176 | L125: =+IF([3]CNT!I112="","",[3]CNT!I112) -> 73.727 | M125: =+IF([3]CNT!J112="","",[3]CNT!J112) -> 197523 | N125: =+'[1]Trim CM INICIAL_ECM'!J114 -> 114.26243 | P125: 202203
D126: 200404 | E126: =+IF([3]CNT!B113="","",[3]CNT!B113) -> 199592 | F126: =+IF([3]CNT!C113="","",[3]CNT!C113) | G126: =+IF([3]CNT!D113="","",[3]CNT!D113) -> 108.503 | H126: =+IF([3]CNT!E113="","",[3]CNT!E113) -> 102.019 | I126: =+IF([3]CNT!F113="","",[3]CNT!F113) -> 174621 | J126: =+IF([3]CNT!G113="","",[3]CNT!G113) -> 45768 | K126: =+IF([3]CNT!H113="","",[3]CNT!H113) -> 960 | L126: =+IF([3]CNT!I113="","",[3]CNT!I113) -> 74.793 | M126: =+IF([3]CNT!J113="","",[3]CNT!J113) -> 199592 | N126: =+'[1]Trim CM INICIAL_ECM'!J115 -> 114.87482 | P126: 202204
D127: 200405 | E127: =+IF([3]CNT!B114="","",[3]CNT!B114) -> 201789 | F127: =+IF([3]CNT!C114="","",[3]CNT!C114) | G127: =+IF([3]CNT!D114="","",[3]CNT!D114) -> 104.727 | H127: =+IF([3]CNT!E114="","",[3]CNT!E114) -> 106.088 | I127: =+IF([3]CNT!F114="","",[3]CNT!F114) -> 169350 | J127: =+IF([3]CNT!G114="","",[3]CNT!G114) -> 43876 | K127: =+IF([3]CNT!H114="","",[3]CNT!H114) -> 1155 | L127: =+IF([3]CNT!I114="","",[3]CNT!I114) -> 75.21 | M127: =+IF([3]CNT!J114="","",[3]CNT!J114) -> 201789 | N127: =+'[1]Trim CM INICIAL_ECM'!J116 -> 115.46078 | P127: 202301
... D158: 200612 | E158: =+IF([3]CNT!B145="","",[3]CNT!B145) -> 221879 | F158: =+IF([3]CNT!C145="","",[3]CNT!C145) -> 112.65196 | G158: =+IF([3]CNT!D145="","",[3]CNT!D145) -> 140.391 | H158: =+IF([3]CNT!E145="","",[3]CNT!E145) -> 95.204 | I158: =+IF([3]CNT!F145="","",[3]CNT!F145) -> 129735 | J158: =+IF([3]CNT!G145="","",[3]CNT!G145) -> 47724 | K158: =+IF([3]CNT!H145="","",[3]CNT!H145) -> 1290 | L158: =+IF([3]CNT!I145="","",[3]CNT!I145) -> 81.081 | M158: =+IF([3]CNT!J145="","",[3]CNT!J145) -> 221879 | N158: =+'[1]Trim CM INICIAL_ECM'!J147 -> 135.47417 | P158: 203004
D159: 200701 | E159: =+IF([3]CNT!B146="","",[3]CNT!B146) -> 219132 | F159: =+IF([3]CNT!C146="","",[3]CNT!C146) -> 100.05243 | G159: =+IF([3]CNT!D146="","",[3]CNT!D146) -> 123.376 | H159: =+IF([3]CNT!E146="","",[3]CNT!E146) -> 113.513 | I159: =+IF([3]CNT!F146="","",[3]CNT!F146) -> 75328 | J159: =+IF([3]CNT!G146="","",[3]CNT!G146) -> 42504 | K159: =+IF([3]CNT!H146="","",[3]CNT!H146) -> 1418 | L159: =+IF([3]CNT!I146="","",[3]CNT!I146) -> 80.383 | M159: =+IF([3]CNT!J146="","",[3]CNT!J146) -> 219132
D160: 200702 | E160: =+IF([3]CNT!B147="","",[3]CNT!B147) -> 220900 | F160: =+IF([3]CNT!C147="","",[3]CNT!C147) -> 91.62752 | G160: =+IF([3]CNT!D147="","",[3]CNT!D147) -> 102.072 | H160: =+IF([3]CNT!E147="","",[3]CNT!E147) -> 113.615 | I160: =+IF([3]CNT!F147="","",[3]CNT!F147) -> 99271 | J160: =+IF([3]CNT!G147="","",[3]CNT!G147) -> 41359 | K160: =+IF([3]CNT!H147="","",[3]CNT!H147) -> 1428 | L160: =+IF([3]CNT!I147="","",[3]CNT!I147) -> 80.256 | M160: =+IF([3]CNT!J147="","",[3]CNT!J147) -> 220900
D161: 200703 | E161: =+IF([3]CNT!B148="","",[3]CNT!B148) -> 222916 | F161: =+IF([3]CNT!C148="","",[3]CNT!C148) -> 105.26485 | G161: =+IF([3]CNT!D148="","",[3]CNT!D148) -> 117.093 | H161: =+IF([3]CNT!E148="","",[3]CNT!E148) -> 125.21 | I161: =+IF([3]CNT!F148="","",[3]CNT!F148) -> 160915 | J161: =+IF([3]CNT!G148="","",[3]CNT!G148) -> 45595 | K161: =+IF([3]CNT!H148="","",[3]CNT!H148) -> 1828 | L161: =+IF([3]CNT!I148="","",[3]CNT!I148) -> 80.806 | M161: =+IF([3]CNT!J148="","",[3]CNT!J148) -> 222916
D162: 200704 | E162: =+IF([3]CNT!B149="","",[3]CNT!B149) -> 225022 | F162: =+IF([3]CNT!C149="","",[3]CNT!C149) -> 99.933809 | G162: =+IF([3]CNT!D149="","",[3]CNT!D149) -> 111.336 | H162: =+IF([3]CNT!E149="","",[3]CNT!E149) -> 107.919 | I162: =+IF([3]CNT!F149="","",[3]CNT!F149) -> 266650 | J162: =+IF([3]CNT!G149="","",[3]CNT!G149) -> 44277 | K162: =+IF([3]CNT!H149="","",[3]CNT!H149) -> 1479 | L162: =+IF([3]CNT!I149="","",[3]CNT!I149) -> 81.954 | M162: =+IF([3]CNT!J149="","",[3]CNT!J149) -> 225022
D163: 200705 | E163: =+IF([3]CNT!B150="","",[3]CNT!B150) -> 226980 | F163: =+IF([3]CNT!C150="","",[3]CNT!C150) -> 107.72602 | G163: =+IF([3]CNT!D150="","",[3]CNT!D150) -> 114.5 | H163: =+IF([3]CNT!E150="","",[3]CNT!E150) -> 120.938 | I163: =+IF([3]CNT!F150="","",[3]CNT!F150) -> 205637 | J163: =+IF([3]CNT!G150="","",[3]CNT!G150) -> 44561 | K163: =+IF([3]CNT!H150="","",[3]CNT!H150) -> 1487 | L163: =+IF([3]CNT!I150="","",[3]CNT!I150) -> 82.239 | M163: =+IF([3]CNT!J150="","",[3]CNT!J150) -> 226980
D164: 200706 | E164: =+IF([3]CNT!B151="","",[3]CNT!B151) -> 228972 | F164: =+IF([3]CNT!C151="","",[3]CNT!C151) -> 108.63642 | G164: =+IF([3]CNT!D151="","",[3]CNT!D151) -> 118.188 | H164: =+IF([3]CNT!E151="","",[3]CNT!E151) -> 117.073 | I164: =+IF([3]CNT!F151="","",[3]CNT!F151) -> 280659 | J164: =+IF([3]CNT!G151="","",[3]CNT!G151) -> 44948 | K164: =+IF([3]CNT!H151="","",[3]CNT!H151) -> 1507 | L164: =+IF([3]CNT!I151="","",[3]CNT!I151) -> 82.39 | M164: =+IF([3]CNT!J151="","",[3]CNT!J151) -> 228972
D165: 200707 | E165: =+IF([3]CNT!B152="","",[3]CNT!B152) -> 234259 | F165: =+IF([3]CNT!C152="","",[3]CNT!C152) -> 116.7018 | G165: =+IF([3]CNT!D152="","",[3]CNT!D152) -> 132.774 | H165: =+IF([3]CNT!E152="","",[3]CNT!E152) -> 112.801 | I165: =+IF([3]CNT!F152="","",[3]CNT!F152) -> 460385 | J165: =+IF([3]CNT!G152="","",[3]CNT!G152) -> 48019 | K165: =+IF([3]CNT!H152="","",[3]CNT!H152) -> 1151 | L165: =+IF([3]CNT!I152="","",[3]CNT!I152) -> 82.173 | M165: =+IF([3]CNT!J152="","",[3]CNT!J152) -> 234259
D166: 200708 | E166: =+IF([3]CNT!B153="","",[3]CNT!B153) -> 235148 | F166: =+IF([3]CNT!C153="","",[3]CNT!C153) -> 115.38156 | G166: =+IF([3]CNT!D153="","",[3]CNT!D153) -> 135.652 | H166: =+IF([3]CNT!E153="","",[3]CNT!E153) -> 85.135 | I166: =+IF([3]CNT!F153="","",[3]CNT!F153) -> 609020 | J166: =+IF([3]CNT!G153="","",[3]CNT!G153) -> 49932 | K166: =+IF([3]CNT!H153="","",[3]CNT!H153) -> 1293 | L166: =+IF([3]CNT!I153="","",[3]CNT!I153) -> 82.255 | M166: =+IF([3]CNT!J153="","",[3]CNT!J153) -> 235148
D167: 200709 | E167: =+IF([3]CNT!B154="","",[3]CNT!B154) -> 231168 | F167: =+IF([3]CNT!C154="","",[3]CNT!C154) -> 101.01915 | G167: =+IF([3]CNT!D154="","",[3]CNT!D154) -> 114.576 | H167: =+IF([3]CNT!E154="","",[3]CNT!E154) -> 109.75 | I167: =+IF([3]CNT!F154="","",[3]CNT!F154) -> 338712 | J167: =+IF([3]CNT!G154="","",[3]CNT!G154) -> 40809 | K167: =+IF([3]CNT!H154="","",[3]CNT!H154) -> 1596 | L167: =+IF([3]CNT!I154="","",[3]CNT!I154) -> 82.399 | M167: =+IF([3]CNT!J154="","",[3]CNT!J154) -> 231168
D168: 200710 | E168: =+IF([3]CNT!B155="","",[3]CNT!B155) -> 230754 | F168: =+IF([3]CNT!C155="","",[3]CNT!C155) -> 107.96098 | G168: =+IF([3]CNT!D155="","",[3]CNT!D155) -> 117.329 | H168: =+IF([3]CNT!E155="","",[3]CNT!E155) -> 124.6 | I168: =+IF([3]CNT!F155="","",[3]CNT!F155) -> 234897 | J168: =+IF([3]CNT!G155="","",[3]CNT!G155) -> 48354 | K168: =+IF([3]CNT!H155="","",[3]CNT!H155) -> 1272 | L168: =+IF([3]CNT!I155="","",[3]CNT!I155) -> 83.441 | M168: =+IF([3]CNT!J155="","",[3]CNT!J155) -> 230754
D169: 200711 | E169: =+IF([3]CNT!B156="","",[3]CNT!B156) -> 230561 | F169: =+IF([3]CNT!C156="","",[3]CNT!C156) -> 103.91394 | G169: =+IF([3]CNT!D156="","",[3]CNT!D156) -> 110.385 | H169: =+IF([3]CNT!E156="","",[3]CNT!E156) -> 117.48 | I169: =+IF([3]CNT!F156="","",[3]CNT!F156) -> 156727 | J169: =+IF([3]CNT!G156="","",[3]CNT!G156) -> 47023 | K169: =+IF([3]CNT!H156="","",[3]CNT!H156) -> 1165 | L169: =+IF([3]CNT!I156="","",[3]CNT!I156) -> 84.253 | M169: =+IF([3]CNT!J156="","",[3]CNT!J156) -> 230561
D170: 200712 | E170: =+IF([3]CNT!B157="","",[3]CNT!B157) -> 229425 | F170: =+IF([3]CNT!C157="","",[3]CNT!C157) -> 109.371 | G170: =+IF([3]CNT!D157="","",[3]CNT!D157) -> 136.629 | H170: =+IF([3]CNT!E157="","",[3]CNT!E157) -> 91.136 | I170: =+IF([3]CNT!F157="","",[3]CNT!F157) -> 105862 | J170: =+IF([3]CNT!G157="","",[3]CNT!G157) -> 46095 | K170: =+IF([3]CNT!H157="","",[3]CNT!H157) -> 1061 | L170: =+IF([3]CNT!I157="","",[3]CNT!I157) -> 84.628 | M170: =+IF([3]CNT!J157="","",[3]CNT!J157) -> 229425
... D446: 203012 | E446: =+IF([3]CNT!B433="","",[3]CNT!B433) | F446: =+IF([3]CNT!C433="","",[3]CNT!C433) | G446: =+IF([3]CNT!D433="","",[3]CNT!D433) | H446: =+IF([3]CNT!E433="","",[3]CNT!E433) | I446: =+IF([3]CNT!F433="","",[3]CNT!F433) | J446: =+IF([3]CNT!G433="","",[3]CNT!G433) | K446: =+IF([3]CNT!H433="","",[3]CNT!H433) | L446: =+IF([3]CNT!I433="","",[3]CNT!I433) | M446: =+IF([3]CNT!J433="","",[3]CNT!J433)

Sheet CYL
D1: Acrónimo | E1: AFI | F1: IAS | G1: ICM | H1: IPI | I1: PER | J1: GAS | K1: HIP | L1: IPC | M1: AFIE | N1: PIB | O1: PIB_CCAA
D2: SA | E2: 0 | F2: 0 | G2: 0 | H2: 0 | I2: 0 | J2: 0 | K2: 0 | L2: 0 | M2: 0 | N2: 0 | O2: 0
D3: DEF | E3: 1 | F3: 1 | G3: 1 | H3: 1 | I3: 1 | J3: 1 | K3: 1 | L3: 1 | M3: 1 | N3: 1 | O3: 1
D4: Serie | E4: afiliados | F4: creditos | G4: depositos | H4: consumo productos petro | I4: hipotecas | J4: indice actividad serviciios | K4: indice comercio al por menor | L4: indice comercio al por menor | M4: indice comercio al por menor | N4: PIB ESPAÑA | O4: PIB ccaa
D5: Enlaces y Deflactores
D6: Fecha INI MOD | E6: 34700 | F6: 34700 | G6: 34700 | H6: 34731 | I6: 34759 | J6: 34790 | K6: 34820 | L6: 34851 | M6: 34881 | N6: 34973 | O6: 35004
D7: Cod | E7: SC | F7: 190000m | G7: 229000cc.d | H7: 229000cc.d | I7: 229000cc.d | J7: 229000cc.d | K7: 229000cc.d | L7: 229000cc.d | M7: 229000cc.d | N7: 229000cc.d | O7: 229000cc.d
D8: Año | E8: 1995 | F8: 2005 | G8: 2001 | H8: 1995 | I8: 1995 | J8: 1997 | K8: 1995 | L8: 1995 | M8: 1995 | N8: 1995 | O8: 2000
D9: Freq | E9: 12 | F9: 12 | G9: 12 | H9: 12 | I9: 12 | J9: 12 | K9: 12 | L9: 12 | M9: 12 | N9: 4 | O9: 1
D10: Mes INI | E10: 8 | F10: 1 | G10: 1 | H10: 1 | I10: 1 | J10: 1 | K10: 1 | L10: 1 | M10: 1 | N10: 1 | O10: 0
D11: type | E11: 6 | F11: 6 | G11: 6 | H11: 6 | I11: 6 | J11: 6 | K11: 6 | L11: 6 | M11: 6 | N11: 2 | O11: 1
D12: dlg | E12: 1 | F12: 1 | G12: 1 | H12: 1 | I12: 1 | J12: 1 | K12: 1 | L12: 1 | M12: 1 | N12: 1 | O12: 1
D13: selector | E13: =+AND!E13 -> 1 | F13: =+AND!F13 -> 1 | G13: =+AND!G13 -> 1 | H13: =+AND!H13 -> 1 | I13: =+AND!I13 -> 1 | J13: =+AND!J13 -> 1 | K13: =+AND!K13 -> 1 | L13: =+AND!L13 -> 1 | ... O13: =+AND!O13 -> 1
A14: Posición de outlier---> | D14: outliers | E14: 0 | F14: 0 | G14: 0 | H14: 0 | I14: 0 | J14: 0 | K14: 0 | L14: 0 | M14: 0 | N14: 0 | O14: 0
A15: =VALUE("1/"&C15&"/"&B15) -> 34700 | B15: =LEFT(D15,4) -> 1995 | C15: 1 | D15: 199501 | E15: =+IF([3]CYL!B2="","",[3]CYL!B2) -> 690614.54 | F15: =+IF([3]CYL!C2="","",[3]CYL!C2) | G15: =+IF([3]CYL!D2="","",[3]CYL!D2) | H15: =+IF([3]CYL!E2="","",[3]CYL!E2) -> 104.79762 | I15: =+IF([3]CYL!F2="","",[3]CYL!F2) -> 189878.32 | J15: =+IF([3]CYL!G2="","",[3]CYL!G2) | K15: =+IF([3]CYL!H2="","",[3]CYL!H2) -> 2910.7922 | L15: =+IF([3]CYL!I2="","",[3]CYL!I2) -> 58.133264 | M15: =+IF([3]CYL!J2="","",[3]CYL!J2) -> 690614.54 | N15: =+'[1]Trim CM INICIAL_ECM'!J4 -> 67.016017 | O15: =+[2]anu!B2 -> 84.237632 | P15: 199501 | Q15: 2000
A16: =VALUE("1/"&C16&"/"&B16) -> 34731 | B16: =LEFT(D16,4) -> 1995 | C16: 2 | D16: 199502 | E16: =+IF([3]CYL!B3="","",[3]CYL!B3) -> 694346.57 | F16: =+IF([3]CYL!C3="","",[3]CYL!C3) | G16: =+IF([3]CYL!D3="","",[3]CYL!D3) | H16: =+IF([3]CYL!E3="","",[3]CYL!E3) -> 95.825514 | I16: =+IF([3]CYL!F3="","",[3]CYL!F3) -> 212145.05 | J16: =+IF([3]CYL!G3="","",[3]CYL!G3) | K16: =+IF([3]CYL!H3="","",[3]CYL!H3) -> 2356.4831 | L16: =+IF([3]CYL!I3="","",[3]CYL!I3) -> 58.307664 | M16: =+IF([3]CYL!J3="","",[3]CYL!J3) -> 694346.57 | N16: =+'[1]Trim CM INICIAL_ECM'!J5 -> 67.457788 | O16: =+[2]anu!B3 -> 87.471178 | P16: 199502 | Q16: =+Q15+1 -> 2001
A17: =VALUE("1/"&C17&"/"&B17) -> 34759 | B17: =LEFT(D17,4) -> 1995 | C17: 3 | D17: 199503 | E17: =+IF([3]CYL!B4="","",[3]CYL!B4) -> 699731.28 | F17: =+IF([3]CYL!C4="","",[3]CYL!C4) | G17: =+IF([3]CYL!D4="","",[3]CYL!D4) | H17: =+IF([3]CYL!E4="","",[3]CYL!E4) -> 107.66056 | I17: =+IF([3]CYL!F4="","",[3]CYL!F4) -> 306508.27 | J17: =+IF([3]CYL!G4="","",[3]CYL!G4) | K17: =+IF([3]CYL!H4="","",[3]CYL!H4) -> 2039.1612 | L17: =+IF([3]CYL!I4="","",[3]CYL!I4) -> 58.599202 | M17: =+IF([3]CYL!J4="","",[3]CYL!J4) -> 699731.28 | N17: =+'[1]Trim CM INICIAL_ECM'!J6 -> 67.756519 | O17: =+[2]anu!B4 -> 90.579301 | P17: 199503 | Q17: =+Q16+1 -> 2002
